"";"ID";"Area_zs";"mean_perm";"SD_perm";"z-score"
"1";"101_Elin";0,0192030994345194;14,1163177590621;2,68618187868553;-5,24801197249009
"2";"1025_MaJo";0,0176689593595225;13,4493795921063;1,94277151569702;-6,91368517822218
"3";"1027_ReEd";0,0216241949659939;17,1477807012098;2,89336654332517;-5,91911057579372
"4";"103_PG";0,0351538099479492;10,4242517405543;1,66966246445415;-6,22227435292006
"5";"10_AS";0,0660628044544424;9,15959811210632;1,50654090848117;-6,03603609862783
"6";"1107_GeBe";0,00725995376346812;16,7487565533868;2,8453154667254;-5,88388064360776
"7";"1178_AlCa";0,0976035107372575;9,71265576461266;1,87366991135386;-5,13166817464014
"8";"1188_MiBo";0,0205735040118696;25,8764760469135;4,84247857740871;-5,33939430595015
"9";"1198_LiKe";0,0373718174139613;4,04234580993652;0,759572222684266;-5,27267042279313
"10";"1230_FeKe";0,0163831206002543;10,7217634927659;1,95765319922513;-5,46847642698053
"11";"12_CH";0,0386310307540089;5,59709415435791;1,25399715195649;-4,43259629013635
"12";"13_vz";0,00958304441668662;11,0113480140423;1,90386842422097;-5,7786372365135
"13";"146_ChSa";0,0967508278083617;0,593105822596057;0,0856343115711947;-5,79621632591786
"14";"147_MeWi";0,324102265506803;9,4066227616935;1,57344252540474;-5,77238783720454
"15";"148_KaHe";0,115351786732044;4,96270505313216;0,732575678670864;-6,61686349619854
"16";"149_MaRo";0,900035948885852;0,814229208847572;0,124891993986979;0,687047562450048
"17";"150_AnTa";0,10699618973146;16,5083950897743;3,11025117271194;-5,27333581414323
"18";"156_LoGr";0,100536404305775;0,712693760312837;0,114502455924511;-5,34623778210176
"19";"157_OlJe";0,0933892685175239;5,81750285049965;0,879706424156298;-6,50684526655806
"20";"158_JuWa";0,530227720559818;14,1174183418011;2,12529052038731;-6,39309802161313
"21";"160_ToPa";0,110083364421861;9,46966219934924;1,58136169125711;-5,91868317455378
"22";"161_FrCo";0,117577923562627;19,5071500580886;3,14827106275008;-6,15880009950249
"23";"1_LD";0,300519907310074;15,4844946302217;2,362190050746;-6,42792256199555
"24";"2002_PaKr";0,0335382175565108;14,5376985686166;2,30692507661942;-6,28722644617249
"25";"2006_MeFu";0,0259757163299889;2,09078084042198;0,413810645622593;-4,98973418382076
"26";"2008_SaMa";0,0887667806752681;2,99366891795191;0,445838865761744;-6,5155874921614
"27";"2009_YaAh";0,0030369075534188;19,1567286458509;4,26024800221058;-4,49591003349074
"28";"2010_SoBr";0,11104251486954;5,14535033127357;0,854881075552747;-5,88889842151315
"29";"2011_CoSc";0,0262271616458644;19,7180390653939;3,3472708151287;-5,88294553722595
"30";"2012_FiDo";0,0648187262302504;5,94995067201812;1,28975401109082;-4,56298789938281
"31";"2013_ChKi";0,154033747270914;1,90814334606302;0,278033392455084;-6,3089889430295
"32";"2014_DeMl";0,0163654542218631;5,23547997725637;1,06338772751113;-4,90800710597806
"33";"2015_RhPo";0,00515259907279763;25,6825158086316;7,09593432826757;-3,61860214901789
"34";"2016_PaPu";0,0551317428613527;24,9253083459262;4,29982650713955;-5,78399536859678
"35";"2017_MaEl";0,544773526559706;15,8991851938182;2,35862475457615;-6,50990016002682
"36";"2018_KaAr";0,260719862896616;2,91104851426749;0,431480911112029;-6,14240070213153
"37";"2019_RiDa";0,0895223621297994;3,08048865877349;0,557758855203295;-5,36247209477925
"38";"201_PaMi";0,0779969297628551;11,7285993181426;1,79947348560087;-6,47445071105864
"39";"2020_FrHa";1,10998860800073;17,8292021455436;2,55992966341627;-6,53112223217523
"40";"2021_GiBo";0,466797537973208;2,60792933496936;0,393360369697623;-5,443181270757
"41";"2022_ChPo";0,00175849668179187;37,2564673851276;6,81974049905381;-5,462775144247
"42";"2023_ChHu";0,112657578677471;6,7955664470278;1,21869187914431;-5,48367391521691
"43";"202_NiBl";0,042117619152316;11,7904308582174;2,11774316392117;-5,54756282027711
"44";"204_KaHo";0,200972458533696;11,2664290461047;2,09357352853921;-5,28543967371039
"45";"205_ZiLi";0,555907066319988;6,67249220486345;1,1820421230868;-5,17459151334687
"46";"209_LuSm";0,0395410729641341;9,36907143428408;1,39424433670197;-6,69146010905707
"47";"210_ChWa";0,493026513880122;21,8222802852762;3,30726545150223;-6,44921131495747
"48";"214_ChKw";0,101450775883343;0,825368782569622;0,128066066813687;-5,65269180742039
"49";"214_LuBe";0,0506232099721282;8,8939705355414;1,38014064003563;-6,40756968459459
"50";"215_JaWi";0,0852144006192465;18,59253042813;3,4092837079663;-5,42850569586383
"51";"217_PhKe";0,40088797534034;3,88008939151106;0,677356333967366;-5,13644184264518
"52";"219_AlMu";0,38533089946221;17,9967502396682;3,00246147246071;-5,865660392895
"53";"28301";0,0119512924770575;13,5996634293784;2,61643457478881;-5,19321685618608
"54";"28307";0,012495292762369;4,28865878694801;1,07627683969897;-3,97310741665839
"55";"28521";0,0380266395991211;4,30976210963348;0,671128349675516;-6,36500525137957
"56";"28563";0,0106780716584686;17,1566328043198;2,85601474335774;-6,00345455937784
"57";"28740";0,00851164400498925;13,1032805690564;2,17287494983932;-6,02647148471188
"58";"28746";0,0282609372612585;5,15229336296982;0,91342754139192;-5,60967585660965
"59";"28777";0,00988719819610314;7,43367639596395;1,3165553109929;-5,6387978049848
"60";"28779";0,0193210690068523;12,3250878111127;2,51634525440962;-4,89033320071691
"61";"28796";0,0602609621824662;24,965817259455;3,59580813552886;-6,92627508436555
"62";"28803";0,111502920501199;26,8952829519629;6,19930836211272;-4,3204464864422
"63";"29027";2,20130427296367e-17;0,000102181783536585;6,66796958842224e-05;-1,53242725812643
"64";"29043";0,190358188711665;2,08813095009158;0,325196440934935;-5,83577346641262
"65";"29048";0,0716289114115593;3,4559336336606;0,546060345574399;-6,19767531130484
"66";"29053";0,0328431134284413;6,64051939483923;1,32233500228774;-4,99697600833301
"67";"29058";0,00547843121460526;14,0870804872644;2,1914765359386;-6,42562301038678
"68";"29063";0,00809070847871371;7,44538481307923;1,29210120111956;-5,75596872610007
"69";"29104";0,043107111015062;5,76378294707864;0,917407079234271;-6,23570055818452
"70";"29119";0,0227182777109134;8,51119571946075;1,64038574501103;-5,17468373982534
"71";"29123";0,0253991544584332;11,7398658891425;2,34344389121978;-4,99882535211313
"72";"29128";0,0249133011571093;12,916801533435;1,95496160883101;-6,59444572928814
"73";"29134";0,21281907172475;6,54390981994512;1,09284433661022;-5,79322281877594
"74";"29147";0,00592408889880535;17,6666981884333;3,18356937954932;-5,54747580278417
"75";"29151";0,00289447184391508;15,0756896336315;2,43037854063154;-6,20183025392862
"76";"29153";0,00482238987895526;10,994311828566;2,46401972300735;-4,45998436460333
"77";"29154";0,012374605914567;6,45902921690406;1,11547984254265;-5,77926589537901
"78";"29157";0,0424630598025627;11,5674908998236;1,75737983593674;-6,55807447220302
"79";"29166";0,0103201048765102;21,686295901361;3,46727389615468;-6,2515902826494
"80";"29172";0,0208909567846174;13,9254237842016;2,32851821991112;-5,97140821511277
"81";"29180";0,0200070608142961;4,00280021527525;0,641607446426648;-6,20752327087633
"82";"29189";0,00523881140042633;17,1891713919891;2,75542667641461;-6,23639624587964
"83";"29195";0,0344741478853965;15,2673264608795;2,37853260889646;-6,40430669565701
"84";"29207";0,0601456576563528;1,7648748395761;0,266118834232135;-6,4058945201628
"85";"29213";0,00547423422259681;18,7121613351579;3,25325874165396;-5,75013811887118
"86";"29216";0,0917058634960803;7,90720768512133;1,16425440581216;-6,71288146526129
"87";"29255";0,0226909855155242;10,3200934964503;1,59903521757353;-6,43975967368667
"88";"29289";0,131173213083291;2,70815012837137;0,49641185709593;-5,1912074187021
"89";"29291";0,0237722146468035;7,88814596462913;1,24663395157426;-6,30848673746703
"90";"29303";0,0207264087785446;15,2779168297127;2,51982842196491;-6,05485289710198
"91";"29306";0,0255556587100565;15,1075083232446;2,55565661791619;-5,90140027373158
"92";"29320";0,0640594443314697;7,46651300540612;1,13453147309484;-6,52467889752043
"93";"29324";0,773296836241367;9,90266894406529;1,52032975316373;-6,00486314815991
"94";"29332";0,0169682853914865;9,61442194526954;1,60275291617678;-5,9881055669965
"95";"29346";0,014067791089696;10,4978358284543;1,82542922046008;-5,74317969705903
"96";"29352";0,00359012663107059;24,6665710690734;4,20256052138887;-5,8685605637136
"97";"29367";0,0759557100063846;0,88356149421458;0,139513206003283;-5,78874077475642
"98";"29395";0,120137869827298;11,5642193241238;1,9382675869056;-5,90428356312077
"99";"29400";0,238351804195198;13,9237795225828;2,40979500942251;-5,67908376641016
"100";"29403";0,0426914684200241;16,3371329811084;2,5000684465013;-6,51759816235893
"101";"29408";0,0168882694619264;1,13302560776791;0,218056216538695;-5,11857609942488
"102";"29426";0,0224457062614229;3,15482998087508;0,649468616271815;-4,82299559383589
"103";"29434";0,0312600266222193;13,9586931688403;2,05549897439006;-6,77569452271355
"104";"29436";0,0125652466444391;7,56723305382595;1,19291109641236;-6,33296800566441
"105";"29457";0,0219438719477563;12,5905063190436;2,1950496409794;-5,72586706580721
"106";"29463";0,0140015234979444;27,2003626051101;4,11502974255624;-6,60660135708376
"107";"29485";0,0976171837664814;5,43388273350161;0,802646081278257;-6,64834187097362
"108";"29489";0,0682651953257668;17,1305273412774;2,62986735643183;-6,48787936175664
"109";"29497";0,0211211244129198;7,58138092498796;1,85368522884762;-4,07850247869485
"110";"29514";0,0617529101735989;0,517654100929842;0,0806580024587688;-5,65227475090638
"111";"29526";0,00574034354361349;21,1555039918131;3,66874461298551;-5,76485034510441
"112";"29530";0,0920379597722704;9,82902631056334;1,88460726545247;-5,16658750567499
"113";"29535";0,0532174796765545;11,3189196833042;2,01436002434051;-5,59269548020146
"114";"29544";0,200929196835479;11,1846537720017;1,70768138535686;-6,43195192578084
"115";"29548";0,00599811789645357;23,1126383366485;3,78111275189852;-6,11106881357875
"116";"29571";0,14782179225396;11,7682837445573;2,16199683613572;-5,37487463352323
"117";"29578";0,0344764062356085;12,6471474009038;1,90979349926714;-6,60420668491546
"118";"29599";0,0713646395459968;6,68152227719929;1,07234285890151;-6,1642203170212
"119";"29696";0,0298058482294562;1,0600862463012;0,166213032743512;-6,19855363364672
"120";"29704";0,0156179278917474;10,0645618926772;1,93708553563513;-5,18766145321021
"121";"29711";0,0226032182371026;3,51322704801637;0,631237247943954;-5,52981282576213
"122";"29775";0,0230509739167428;8,97772297077096;1,33900510126864;-6,68755629711203
"123";"29784";0,0337811799716735;9,195704311149;1,60919708959037;-5,69347483316014
"124";"29818";0,137843372737151;0,723696218056952;0,111984683946182;-5,23154439227914
"125";"29844";0,059598318374954;4,82287803393292;0,869333146417877;-5,47923397972947
"126";"29851";0,0441752487987491;1,65943988295029;0,265647026316356;-6,08049205951939
"127";"29863";0,066361392545611;18,9721967710372;2,87505712901425;-6,57581207263653
"128";"29864";0,0153955064069356;15,3557599894791;2,49301043115113;-6,15334949721365
"129";"29995";0,0169147383208382;10,8564275807585;1,96957384207587;-5,50348131706153
"130";"30103";0,130875127908228;19,8881632619072;2,88724002646491;-6,84296696945889
"131";"30159";0,01246710974267;13,2552058841639;2,06642359837313;-6,40853055726188
"132";"30259";0,0505585282840836;10,3190379316691;1,56269393052054;-6,57101125360133
"133";"30321";0,0345898755005074;14,9146328143508;3,60064240411023;-4,13260781516774
"134";"30642";0,0103621989077927;15,2786037887073;2,64000860053604;-5,78340600356356
"135";"30648";0,0668054753661891;12,6216082336711;1,87479561578149;-6,69662476945339
"136";"30650";0,0228310109403215;21,5444613509497;3,66258663951724;-5,87607405864565
"137";"30653";0,0121855887907865;25,0139205271767;3,97794155133612;-6,28509358816202
"138";"30654";0,304207396292811;0,0598482617594947;0,0468553792378579;5,21517781966601
"139";"30658";0,0727210692103346;8,97459704527053;1,79100651174482;-4,97032027392678
"140";"30662";0,0194255464108577;17,1288062305926;3,85967465737509;-4,43285566867379
"141";"30679";0,0206293997399289;12,2196735571602;1,91718456461085;-6,36299935989547
"142";"30681";0,295936914725973;9,50616816801439;1,43949438729294;-6,39824047567762
"143";"30686";0,0324561895847933;12,5847537610291;2,7031344094512;-4,6436083709181
"144";"30694";0,0172419725720265;8,12958180136963;1,47505674389618;-5,49967983426174
"145";"30721";0,0379000282210805;4,39233179562782;0,872104886702008;-4,9930138379039
"146";"30725";0,490040472732537;0,003482577616218;0,000891479074779525;545,787230324673
"147";"30756";0,10381784966549;10,684893339064;1,69110301840068;-6,25690769531312
"148";"30799";0,113717011766123;3,36946630525194;0,758129566938912;-4,29444970288062
"149";"30838";0,00975877148092566;7,29858903117754;1,19533909716552;-6,09770924165408
"150";"30883";0,0109343311167444;4,0211762677405;0,618341995750154;-6,4854756173542
"151";"30889";0,0128155608909857;9,74433674683153;1,45642071945996;-6,68180633240989
"152";"30892";0,0302854025871674;21,738825769591;3,7731361081256;-5,75344746251099
"153";"30893";0,0166443729118605;10,4449593678866;1,92495077590615;-5,4174450201542
"154";"30900";0,0154949919382;21,1176060285511;3,66295211304734;-5,76095738774409
"155";"30937";0,050532611520308;10,0742458036131;1,97531493009087;-5,07448864958039
"156";"30984";0,0254651896278846;17,0117711502141;2,72795082387406;-6,226763991465
"157";"31065";0,0467329885514399;14,2056650441466;2,52565881489758;-5,60603513510171
"158";"31076";0,0421404786962207;11,5740565008492;1,8192951111484;-6,33867257240834
"159";"31236";0,00712849100157268;12,1579400100506;2,41928187909061;-5,02248688921541
"160";"31403";0,0278063232107209;5,23487432420154;0,995629548975455;-5,22992513264508
"161";"31406";0,0182185359983239;14,6810561851155;2,201047572697;-6,66175408064914
"162";"31561";0,651238556404871;0,000716617694137016;0,000185464586564737;3507,52642733586
"163";"31795";0,027797827981526;10,899645363302;1,97628620449125;-5,50115034483034
"164";"31887";0,0462879526034668;0,402528326028739;0,220687369833077;-1,61423090816083
"165";"32074";1,35018293413713;0,441841479288979;0,0716808778115558;12,6720191295107
"166";"32145";1,10814249101081;0,409657973228576;0,114039046350916;6,12495930238571
"167";"32190";0,307672426609156;0,237579690860767;0,108003681297847;0,648984691133722
"168";"32513";3,30195640944551e-17;0,0208218226723282;0,0343471489109234;-0,606216915596922
"169";"32633";0,0357216032768483;0,0208026248558851;0,00849655971911414;1,755884606731
"170";"32846";1,36302658547624;0,00440179553356038;0,0011344262304228;1197,63167803016
"171";"32959";0,4768514145365;0,0343072153926347;0,0146354094701916;30,2379103259945
"172";"33010";1,03341323009612;2,11216228962773;0,313392083632191;-3,44217073714494
"173";"33160";0,110209165042878;7,27731597686235;1,15281821786572;-6,21703118561778
"174";"33168";7,89598271823926e-18;15,2266225500951;9,32441354548156;-1,63298447412531
"175";"33327";0,543338221319848;0,0270373828803851;0,0137777411165554;37,4735476644334
"176";"33342";0,34056460925365;0,111315970283849;0,0692149447870809;3,31212629981885
"177";"33344";0,04461959909227;8,18654302831859;1,25651976547406;-6,4797416267897
"178";"33361";0,000915868322792844;0,164884012830347;0,155348399315117;-1,05548654012812
"179";"33531";0,0331999936437813;3,98791942550588;0,927716727392711;-4,26285235038996
"180";"33653";0,370503542669867;0,0189430838119696;0,0122680524438626;28,6565826537344
"181";"34096";0,394643721925814;4,02608593006753;0,697668284978305;-5,20511292591527
"182";"34364";8,82316250712341e-18;0,000897491840499503;0,000838463213312899;-1,07040097436519
"183";"34405";2,01858731750028e-17;0;0;0
"184";"34416";2,41664925618838e-17;3,06996824481484e-05;8,9200433686342e-05;-0,344165170273436
"185";"34433";0,232006049668246;4,59581636918249;0,789555573751607;-5,52691978194697
"186";"34457";0,0368617294852988;0,0049375227187003;0,00310766393439825;10,2727345815081
"187";"34464";0,392918098476098;3,42971618709474;0,576721296931446;-5,26562501641
"188";"34469";0,255418176028135;7,80346974771122;1,14245860300207;-6,60684908131361
"189";"34720";8,2005109773449e-18;0,000241662779850746;0,00130883014723688;-0,184640291454869
"190";"34732";0,0673365489268436;6,64675388815342;1,27306370002196;-5,16817606150666
"191";"34753";0,237511742374337;0,00406113786020968;0,00448293962103208;52,075339899488
"192";"34757";0,792698941302384;1,35379238323414;0,393118653991414;-1,42728775710556
"193";"34771";2,05774095081387e-17;0,0101569377829736;0,00787469930303885;-1,28981912732261
"194";"34966";1,35293281057939;0,2802423049128;0,0847595430871589;12,6556900449963
"195";"35070";0,101841398337859;0,0209957338185415;0,00974841978114975;8,29320713862226
"196";"35415";2,18934066278452e-17;0,00448435576389078;0,00564671968334754;-0,794152360195132
"197";"35430";0,116970825396038;0,822118898490767;0,130715145385597;-5,39453994420166
"198";"35554";0,0464422940473601;0,0342687490186733;0,0139054818891591;0,87544934621629
"199";"35556";0,442196473901174;0,6121118622275;0,196309584371661;-0,865548102861016
"200";"35666";2,48843091726328e-17;1,0894281374764e-05;1,08028668666325e-05;-1,00846206004713
"201";"35732";0,652332822135404;0,679628639648018;0,163810650889801;-0,166630297629282
"202";"35733";0,519931915655099;0,00607428011784768;0,00197568599611773;260,090741416902
"203";"35736";0,299752924600101;0,000112578177333866;4,06620978794836e-05;7369,03313033323
"204";"35992";0,53193886993668;0,281574615894452;0,071121498213827;3,52023312683188
"205";"35994";0,237764501058684;0,00608403198341092;0,00187183493987771;123,771847687814
"206";"36050";0,214007101340043;0,106449507031813;0,0400472795990622;2,68576531002993
"207";"36059";0,0904592600591484;0,000122406442941745;5,6436352580767e-05;1600,68554194611
"208";"36062";0,784362546313463;2,41055606661605;0,562582842437551;-2,8905849905707
"209";"36067";0,989614430672708;3,55773971994302;0,516269289729885;-4,97439096292939
"210";"36096";0,566895460680251;1,00413242630102;0,343868699018525;-1,27152301697927
"211";"36196";0,320229677959933;0,00147883935806248;0,000447880407710006;711,687390461286
"212";"36344";0,859851077320065;0,230122057937062;0,0742877986484184;8,47688356419495
"213";"36403";1,20202059297498;0,150533887441058;0,0461046355656458;22,8065289451594
"214";"36525";0,985684753530784;0,313677096636867;0,0746878004350302;8,9975558656127
"215";"36540";3,18032637262415e-18;0,000168792175449872;0,000194038122850324;-0,869891818011814
"216";"36660";0,0128313186946596;0,011080124368773;0,00995485607641544;0,175913575489593
"217";"36737";0,795636005077479;0,013122433483112;0,00421278896062327;185,747156790545
"218";"36795";9,91270557701033e-18;0;0;0
"219";"36796";0,345390697487549;0,105303546181372;0,0513352299219895;4,6768496346665
"220";"36820";0,27108224468884;0,15567809711186;0,0464057968447473;2,48684766610236
"221";"36828";0,931087336626055;3,36352645403244;0,852544266849512;-2,85315286488901
"222";"36911";0,109704896099269;0,20671096914482;0,138306774099275;-0,701383382537156
"223";"36918";0,0191437260557134;0,00305656053322506;0,00114908733348834;13,9999502680548
"224";"37055";0,265612874497871;0,0892150965148786;0,0336897692836568;5,23594496886521
"225";"37078";0,352803382560529;0,0161993994063561;0,00610392468318526;55,1455007433873
"226";"37578";0,0284956444191355;8,70038911118664;1,70191251461903;-5,09538145602549
"227";"37637";0,438832320840673;0,038083516317304;0,013169818295572;30,429334371159
"228";"37652";0,100931979857903;0,862893250590758;0,124990163248741;-6,09616989791821
"229";"37662";0,254089688324162;0,0718213421414238;0,0471733454311132;3,86379945108838
"230";"37904";0,10115107051166;0,00137876662830682;0,000410916627472786;242,804250820832
"231";"38140";0,0818555270265105;8,7811336348295e-05;6,048948640978e-05;1351,76739865561
"232";"38175";1,04672071474957;3,21437108108128;0,538842004391547;-4,02279397052461
"233";"38176";0,255892406922523;0,471372183822283;0,148461299401861;-1,4514205235163
"234";"38181";9,97465998686664e-18;0;0;0
"235";"38226";0,0834496094108237;0,0165260550113875;0,00820816130844734;8,15329425002436
"236";"38379";0,436167886329071;0,0154566716790947;0,00491850889830536;85,53633293109
"237";"38444";0,260807191742952;0,119560537094005;0,0370356576659975;3,81380171300767
"238";"38626";0,432501323621929;0,556508534436757;0,205474330937313;-0,603516800610295
"239";"38637";0,0588412869742946;13,4193629315041;2,16718601578889;-6,16491687708976
"240";"38704";3,28999279926636e-18;5,61845561198938e-05;6,12456346412302e-05;-0,917364257044817
"241";"38750";0,863699790849581;1,79412180060318;0,429265072310691;-2,16747662404778
"242";"38791";0,273555831661654;0,190236235674257;0,101288260324001;0,822598746595854
"243";"38813";0,445124423589392;0,00347895431001927;0,00115007081573933;384,015891226191
"244";"38815";0,0244034037861035;9,79561954051251;1,66511737957353;-5,86818458361718
"245";"38820";0,282443052877837;0,0337401580810547;0,0199445868923907;12,4696939645146
"246";"38822";0,0567789090478061;0,0297466363517763;0,0125490400505139;2,15413072133137
"247";"38837";0,000496787066578826;0,00326393947434342;0,00463326515653061;-0,597235926345437
"248";"38862";1,18564611473225;0,535516672616797;0,137528509983016;4,72723395458687
"249";"38908";0,205705280331019;5,31243861481374;1,12798969795567;-4,52728721169883
"250";"38916";1,93810484902236e-17;0,0010015572158878;0,00291603140611968;-0,343465853552152
"251";"39032";0;0;0;0
"252";"39188";0,0870931565528946;7,7148257619819;1,37952065091633;-5,5292630816091
"253";"39200";0,00592435219296189;25,9243326372057;4,39380871854273;-5,89884766162714
"254";"39208";0,00292443766652414;10,0221782282983;2,06655824672789;-4,84828037462575
"255";"39216";0,00175930036239508;9,509490144356;1,99318198649418;-4,77012681652658
"256";"39217";0,0277354813284656;10,987233952742;2,14987120355801;-5,09774653164137
"257";"39236";0,0315151800215665;14,5952351459007;2,26944770575575;-6,41729700532106
"258";"39237";0,0375384772161709;16,1120596794413;2,52616294533711;-6,36321628891598
"259";"39254";0,0204525920765904;26,1746059018974;4,16375833684647;-6,28138119313364
"260";"39266";0,143022747554363;10,9054311150965;2,11342616267258;-5,09239856950209
"261";"39285";0,0920291794111093;7,73776545378743;1,34055388535931;-5,70341584764198
"262";"39381";0,00494751930928447;26,1138978256876;3,96347405231848;-6,58739024445124
"263";"39386";0,0372179368214315;7,2351672466331;1,16469792505124;-6,18009971082843
"264";"39492";0,0131656859630167;19,1833945733546;3,2507770384077;-5,89712202987061
"265";"39524";0,0233834579066505;11,0058792842807;1,8393244260451;-5,97094002061861
"266";"3_GA";0,0158017434420136;12,6985734676493;2,67821900495544;-4,73552450368721
"267";"40048";0,0897644445103582;0,908706655222901;0,14992411029389;-5,46237832665611
"268";"40867";0,42998912665506;9,86149187024503;1,60111152611747;-5,89059699448945
"269";"410_ChAd";0,103890288164791;0,770847484983247;0,119615839359111;-5,5758267499684
"270";"424_ToWi";0,0277773489083174;19,5526106538444;2,81387256187703;-6,93877667718958
"271";"42688";0,0173079537661697;0,0399899477745127;0,0360119884432165;-0,629845642767211
"272";"42698";0,117125567077825;4,13224803562037;0,655854780914199;-6,12196874275407
"273";"43416";0,320409919564734;13,6521820417821;2,10478358973255;-6,33403461869037
"274";"44133";0,0044326255727485;17,1633403112512;3,39150630565466;-5,05937661300213
"275";"44137";0,657976114114771;0,00097855251104012;0,000314069732304895;2091,88436205602
"276";"44140";0,0904196427549908;7,06268702445165;1,26424369446402;-5,51497105520671
"277";"44141";4,21119078306094e-17;0;0;0
"278";"44183";0,134815070424944;0,928994066629248;0,151196280701699;-5,25263579579165
"279";"44293";0,0620234179945249;11,7983924614191;1,79775943202657;-6,52833122960975
"280";"44296";0,522032666498437;0,246043727873663;0,0432629734799149;6,37933355997603
"281";"44298";0,0194251499828238;15,4756838510134;3,49633952513367;-4,42069730068325
"282";"44301";0,428676409337025;0,157745250395509;0,0590371625576322;4,58916294761004
"283";"44306";0,0103621377298713;20,8537789438614;4,01262941119582;-5,19445347930097
"284";"44307";0,00592721180679238;18,3160296310178;3,61706528578371;-5,06214319414579
"285";"44308";0,0817596255433583;0,863269036498185;0,128805628731017;-6,06735449882271
"286";"44309";0,108894873564027;2,08515254787889;0,303697273684857;-6,5073276764598
"287";"44340";0,86504795945635;0,317386816795684;0,0797870340690267;6,86403685825524
"288";"44341";0,17782815842746;4,14969838793524;0,625809731928098;-6,34676967593743
"289";"44347";0,102979705542537;10,286766697428;1,91269503169455;-5,32431298410557
"290";"44351";0,11108449602456;0,861245775985398;0,138379110836402;-5,42105868022025
"291";"44352";0;0,000363148900336834;0,000317329091542386;-1,14439208385131
"292";"44371";0,119441535244549;24,9383183611928;3,71139298171648;-6,68721338543617
"293";"44414";6,69962170032422e-18;0,037070733259481;0,0386037492032546;-0,960288418212904
"294";"44415";3,82835525732813e-18;0,0128162893612931;0,00954027188511351;-1,34338827190988
"295";"44427";0,0917935271610054;1,40782644603285;0,227456573690304;-5,78586451699439
"296";"44453";0,431606410159912;1,23839761109836;0,410852195729424;-1,96370181131947
"297";"44489";0,194482808295908;17,5382803835721;3,31385464457918;-5,2337230915204
"298";"44540";0,790610546618632;9,00351634137002;1,40555012128395;-5,8431966746579
"299";"44557";0,0127525906301952;0,0012897599300202;0,00176837726271634;6,48211834762417
"300";"44569";0,888491646636142;0,0294122873558243;0,0103328459432819;83,140633664326
"301";"44582";0,268140953495462;2,19661817343009;0,367265010459721;-5,25091463932454
"302";"44588";0,423711270073543;16,314407660592;2,49912825039025;-6,35849576268727
"303";"44589";0,0565574823492552;34,2881208711206;5,59094286200103;-6,12268167171355
"304";"44590";0,361365720665466;2,01328924244835;0,30813497032003;-5,36103876839162
"305";"44618";0,228340251664049;10,5620982064814;2,04490693534328;-5,05341234665165
"306";"44627";0,180172475549553;0,57424087892583;0,0897994493333726;-4,388316479685
"307";"44645";0,14537105993269;0,00444265178090622;0,00225368742899953;62,5323664401614
"308";"44666";0,042471752406255;19,6771965902524;3,1033015300734;-6,32704384268509
"309";"44671";4,78544407166016e-18;0,0345762840608454;0,0355673857007561;-0,97213453785304
"310";"44672";0,035193619941717;15,2875889620154;2,31771422395319;-6,58079205125581
"311";"44685";0,154900127453002;1,23670125005168;0,193205798116838;-5,59921665469109
"312";"44692";0,554405075850979;0,000740699194460147;0,000273660489661918;2023,17980699559
"313";"44695";0,00942985787759347;28,6229693011233;4,51898103671117;-6,33185649835568
"314";"44731";0,0122918709225631;10,4035068230446;2,07460278818034;-5,00877325111293
"315";"44733";0,486762493402358;11,2385811482522;1,7508036635705;-6,1410761689424
"316";"44773";0,0249655902618454;15,6115943126107;2,52340742885633;-6,17681811668959
"317";"44784";0,00777246675341135;17,7673211103901;3,98991497669523;-4,45110954678704
"318";"44787";0,0849683948319142;1,4520095043433;0,217674984334855;-6,28019390325731
"319";"44833";0,145029830002528;0,509735412780912;0,0818159165109123;-4,45763609736916
"320";"44857";0,543805711899922;11,4266782308087;1,84591071460858;-5,89566571816368
"321";"44871";0,22305654674786;1,64612991098492;0,241834918008997;-5,88448258817658
"322";"44956";1,50303806187025;0,0944937623887351;0,0159635697209247;88,2349201404007
"323";"44973";0,0247258104750395;12,9415663947711;2,18514416899842;-5,91120749264639
"324";"45041";0,213620413960223;18,1436900869572;2,8202614362051;-6,3575913363278
"325";"45043";0,401646961177419;12,787908324682;1,88610795481505;-6,56710096147129
"326";"45047";0,102744017102696;7,91535045337026;1,30453864347006;-5,98878881463112
"327";"45169";0,105960137444329;1,15210838084097;0,168376813414517;-6,21313720209917
"328";"45280";0,636318697213333;0,925892186629285;0,172420833228402;-1,67945766178012
"329";"45282";3,94799135911963e-18;0,000172859041277931;0,00029631495051166;-0,583362536987903
"330";"45290";0,204287171748051;8,95942381732964;1,43663740065458;-6,09418677363714
"331";"45292";0,127824566335445;3,97979309758386;0,565814634606011;-6,80782768005041
"332";"45299";0,0753382030682947;1,53547004506133;0,453280928135176;-3,22125143892574
"333";"45300";0,00379455329197588;11,4771077301092;2,34399788077938;-4,89476260661225
"334";"45363";0,630021302794548;0,608442394618382;0,26453814333551;0,0815720103879233
"335";"45369";0,0927132701800329;1,1676132460463;0,187017973168399;-5,74757579528667
"336";"45376";0,101461395371537;4,88669899115506;0,786741743745634;-6,08234866628694
"337";"45409";0,0703310649290401;9,16372522400217e-06;6,78358115301205e-06;10366,4863171264
"338";"45475";0,163993208101912;1,92979559942356;0,304653955861486;-5,79609211483367
"339";"45714";0,879533913726163;11,3623419066378;1,79792274564298;-5,83051080382361
"340";"45720";0,00727161618665302;2,6286424698339;0,913624311207243;-2,8691999780341
"341";"45727";0,0174189403197316;12,0666186752587;2,18834422527693;-5,5060806228573
"342";"45728";0,0174624852660708;23,1587389714858;4,81624757259781;-4,80483532820919
"343";"45731";0,0562868129282409;5,76311140176095;0,888513152907036;-6,42289263829255
"344";"45733";0,0513185988791053;25,7136244400778;3,94701408250192;-6,50170110995194
"345";"45734";0,00803821906475038;10,9748556082844;1,61700328903198;-6,78218619814
"346";"45736";0,101150163129128;8,05122838155226;1,15104770471652;-6,9068190534997
"347";"45743";0,0526448287139871;2,09366070812479;0,338414300194403;-6,03111593758993
"348";"45748";0,113447347118796;0,776357043758822;0,124893767999859;-5,30778842896927
"349";"45759";0,0127688464271949;16,9288578908751;3,30164352509374;-5,12353587414246
"350";"45760";0,00616272306502305;8,46821577100331;1,60332106106778;-5,27782816144306
"351";"45763";0,00737705145351041;16,439061553352;2,94582547643185;-5,57795586784099
"352";"45775";0,0130358110696559;9,64985877513607;1,88538896500964;-5,11131821757381
"353";"45776";0,0550677646477325;15,7424724231723;2,54863441491483;-6,15521966066239
"354";"45782";0,0479682396443321;6,30239141845486;0,949632837332027;-6,58614880713497
"355";"45784";0,736852966738974;0,245651489831182;0,119402429262867;4,11383151867371
"356";"45791";0,00950310029145424;5,6617092177689;0,823011546318754;-6,86771181128526
"357";"45819";0,0305517241049775;10,145691052667;1,65056794009864;-6,12827808103286
"358";"45820";0,0439098082463754;0,00154085891217695;0,00107274664695744;39,4957648708263
"359";"45829";0,352409595270871;12,4832920501152;1,97527755342899;-6,14135589896504
"360";"45878";0,0342404047336253;25,101182332221;3,9587245503564;-6,33207529562283
"361";"45905";0,0559187789030908;5,10175803929798;0,956180893204503;-5,27707601799538
"362";"45920";0,0559172960061259;13,9699445878632;2,4790766514969;-5,61258454169039
"363";"45948";0,0238887254380807;14,2375863935507;2,98944219937017;-4,75463204175923
"364";"46082";0,440093347194411;0,217609947609312;0,0704622838367815;3,15748209496669
"365";"46110";0,0317708841100181;22,2011033188424;3,41318283758149;-6,49520798904552
"366";"46112";0,135585357639462;0,0110635334228378;0,00672657986479582;18,5119074952668
"367";"46125";0,104103577811304;2,56412839126352;0,482270325662618;-5,10092510890494
"368";"46126";0,0133780523165288;13,9503000510436;2,12239903893383;-6,56658891333088
"369";"46130";0,454167002665532;1,45316122597728;0,48971166699375;-2,03996410672507
"370";"46150";0,903195057098107;10,4243462584503;1,59148685035117;-5,98255097065442
"371";"46182";0,57059922067684;0,0146894646599352;0,00651868658870192;85,2794114968496
"372";"46214";0,0656610478518544;1,5681414630306;0,271125280333231;-5,54164633165927
"373";"46243";7,80625564189563e-18;0,00152239947552448;0,00613530750237472;-0,248137436458598
"374";"46264";0,0795394984638535;9,39572553587225;1,9355759221996;-4,81313387429486
"375";"46288";0,0123039163165602;18,00025974125;3,18177064681896;-5,65344200497834
"376";"46293";0,189793489965906;1,85291707119681;0,284288232528278;-5,85013163028291
"377";"46297";0,190630118411231;0,0128242480565848;0,00414805413164482;42,8648866942683
"378";"46299";0,00532610840394961;25,6386230270255;4,11328783116655;-6,23182669697874
"379";"46308";0,132009167465546;2,28905360584603;0,34137426490977;-6,3187084092312
"380";"46313";0,106323338734621;15,4462813781903;2,39947198509133;-6,39305569507277
"381";"46315";0,122456897718407;6,85360026658564;1,08973585081192;-6,17685778058242
"382";"46320";0,373744807568517;15,9797210549445;2,36057671145831;-6,61108625346682
"383";"46358";0,554178270770972;0,0959698964340993;0,0150293370086386;30,4875972954431
"384";"46363";0,555780226060296;0,840496176121176;0,255397346585749;-1,11479603788792
"385";"46378";0,155666030924498;20,6612774052788;3,15938214490588;-6,49038654833736
"386";"46419";0,255087206323604;10,0560346926664;1,47085677161165;-6,66342751755745
"387";"46439";0,0918894855093099;2,55604033725451;0,382823415301762;-6,43678195546847
"388";"46473";0,0179001875188839;16,7503423228784;2,62239775528451;-6,38058894827883
"389";"46480";0,269206105839387;0,280581034202699;0,106715109470665;-0,106591544718783
"390";"46545";2,943048104071e-17;0,0387392290683218;0,0530428951284636;-0,730337757290584
"391";"46555";0,160909857501529;2,7626369335166;0,472377145704292;-5,50773275056739
"392";"46572";1,32440557535011;0,00971485142221516;0,00220987553815705;594,916184747805
"393";"46583";0,0315762912669426;7,62254982521303;1,92756217592187;-3,93812123352943
"394";"46603";0,0225521995262867;16,9008597178132;2,62359754107755;-6,43326853834248
"395";"46604";0,0555344964233626;0,615784129589791;0,105773127762455;-5,29671046907713
"396";"46613";0,020901813198541;24,4167750990901;3,87777077758513;-6,29121077163927
"397";"46636";0,0280563603886417;10,5251617775147;1,55217122538352;-6,76285273522733
"398";"46639";0,231013870628444;9,0859558627356;1,46462648773015;-6,04587044293481
"399";"46643";2,20130427296367e-17;0,0225237127051684;0,0188639617376952;-1,19400754827444
"400";"46693";0,491517248224668;20,5950044958895;3,59609984194023;-5,59035848037474
"401";"46706";0,0604649913220975;5,0227484817149;0,926898095929744;-5,35364514414639
"402";"46730";0,510520677161161;13,9867405044119;2,19224720279876;-6,14721725271045
"403";"46740";0,0615870498933784;4,02169247655679;0,605061735420837;-6,54496094338052
"404";"46742";0,0113877510093775;17,4501959235912;2,80785275601409;-6,21072744474579
"405";"46746";0,0205041222281311;8,43633898348095;1,49181266074477;-5,64134832925422
"406";"46751";0,215760321017795;12,7064407281585;2,41098506557741;-5,18073736145242
"407";"46802";0,24175982624573;0,934965804845636;0,150111213591802;-4,61794933245256
"408";"46811";0,0677971659468964;1,90555548748308;0,290437646881759;-6,32754858492694
"409";"46868";0,0206937984443632;14,9917527852198;2,15106565637443;-6,95983357942166
"410";"47191";0,0157492440073099;5,71876158645944;1,91510647757344;-2,97790875297869
"411";"47246";0,093520963264747;4,96299961463826;0,708364592558178;-6,87425473058718
"412";"480_BeHe";0,02140379863983;11,9702049978848;1,90938616945127;-6,2579280139433
"413";"48114";0,332690779558697;9,49137312611218;1,4304964156531;-6,40245039857164
"414";"48243";0,392802846193127;10,7637727016432;2,10400676326038;-4,92915233759951
"415";"48245";0,69230688765223;1,97266675357842;0,404419026931884;-3,16592390728897
"416";"48249";0,0506396733734963;1,6228025690265;0,341282587300634;-4,60663085124848
"417";"482_MiSa";0,0117170302953463;1,12723831308299;0,182918195607452;-6,09847084421052
"418";"48373";0,0043385496768644;3,70788373453783;0,665979093023996;-5,56105322772876
"419";"48398";0,675632964342495;12,0027563392085;1,72253925878547;-6,57582886259006
"420";"48522";0,0229767061842896;13,8923540207435;2,45342068339201;-5,65307752088563
"421";"48587";0,568269354970218;10,7750803114068;1,49885327142788;-6,80974659161471
"422";"48830";0,176088888594861;3,38008007329405;0,747235356273202;-4,28779387618773
"423";"48989";0,0132461354271822;7,84509410883836;1,34269659049815;-5,83292460026692
"424";"49011";0,46459351020204;10,7809509845487;1,60065017890668;-6,44510437714333
"425";"49326";0,743503252378583;0,682846024904215;0,214455927094405;0,282842392356296
"426";"49369";0,046952477779549;11,829421708608;2,29595948210858;-5,13182803209036
"427";"49393";0,0299878480919398;22,6509646907057;3,57038417353952;-6,33572628129491
"428";"49395";0,00283007345938145;15,6509949927217;2,50534393787647;-6,24591485531751
"429";"49399";0,0414489498780612;16,1910851576851;2,36186040714725;-6,83767599428674
"430";"49410";0,278237423570433;1,93168113206708;0,299014616594498;-5,52964175239277
"431";"49453";0,632100976994123;0,0299726180519815;0,0111577913193065;53,9648342320462
"432";"49483";0,956948340710092;0,36427833148849;0,0994704431769084;5,9582524244668
"433";"49547";0,303475960493707;0,0740909661070228;0,020207383583482;11,3515435305632
"434";"49620";0,13158354784475;0,00929116116713184;0,00377932666907474;32,3582472185602
"435";"49701";0,199103968493759;6,96844510048282;1,08181580095701;-6,25738792685472
"436";"49733";0,0782771554647926;1,08098807781082;0,164948314432739;-6,07894009583775
"437";"4_JB";0,0953710371374097;27,4074898038592;5,91698045088184;-4,61588795052573
"438";"50035";0,216321808252143;0,0396535154442902;0,0254708891054337;6,9360866075996
"439";"50392";0,0818193753459567;3,63191621390588;0,66409392174401;-5,34577523196846
"440";"50501";0,948154104610541;0,669487196179979;0,204414251339368;1,3632459899673
"441";"52064";0,130380864857244;12,0680594583937;1,77587402803014;-6,72214267741623
"442";"52174";0,28668953020313;0,0703177676158876;0,0452732362091355;4,7792422345894
"443";"52221";1,60312376400615e-17;0,00690034484407803;0,00838303171208653;-0,823132379915634
"444";"52269";0,0995010270085738;1,11993900259934;0,173921240522647;-5,86724181890764
"445";"52783";0,127583004054949;0,842324589796532;0,12880540361297;-5,54900311394709
"446";"52960";0,0141568632098286;9,48197086738633;1,79355264153687;-5,27880463885559
"447";"53238";0,126786478220371;3,4061986826927;0,572966482612893;-5,72356726612919
"448";"53252";1,70093524770162;1,41757434406436;0,389268560379761;0,727931645342279
"449";"53284";0,147275822159179;4,39479063913228;0,660361260790996;-6,43210780094115
"450";"532_DePa";0,0243206502228676;3,03030117955701;0,561891672379359;-5,34975098777521
"451";"53343";0,012863666400347;16,0566638020804;3,40593718780885;-4,71053905312962
"452";"53347";0,12501576576337;18,7373048903127;2,88559513019392;-6,45006949512649
"453";"53351";0,0244897076772423;17,6564147988266;2,71823620651857;-6,48653161519459
"454";"53357";0,0228450329140272;14,6593000778576;2,1897330133014;-6,68412767950948
"455";"53381";0,0441386353727236;11,5258359913162;2,20122945725831;-5,21603839076561
"456";"53417";0,247581215815849;9,43810682319527;1,45056424225602;-6,33582804515134
"457";"53432";0,027908407147849;16,210664818587;2,76322645683161;-5,85647128972365
"458";"53461";0,0412082160896436;8,89563000218354;1,39206460180421;-6,36063999804173
"459";"53494";0,0132312569643055;11,1748111867645;2,66046062260303;-4,19535618568171
"460";"53535";0,0511862806857016;21,3535558319596;3,10338844147787;-6,86422919753141
"461";"53725";0,0231236461410529;13,5152244288939;2,23046145348864;-6,04901768719206
"462";"53727";0,212558927270433;2,57478314815622;0,38556590397382;-6,12664189582017
"463";"53730";0,0527773617219374;6,39996042692747;1,56281101962614;-4,06138873190434
"464";"53732";0,00362091340331756;15,2749733091119;2,76491573015527;-5,5232614249878
"465";"53745";0,0117941644820663;0,000221901281137814;0,000284787407875166;40,6347432538205
"466";"53751";0,00796425576323821;15,394009140203;2,66972125637334;-5,76316529214769
"467";"53759";0,00716028958556625;11,31544311538;2,04707557098253;-5,52411595648463
"468";"538_RoBr";0,202469922817613;3,06401048199884;0,566214466961594;-5,05381039544389
"469";"55397";0,0251583819417404;12,5850000404095;2,14648728117513;-5,8513468813063
"470";"55459";0,0120754149967897;6,95101861736542;1,34864311657448;-5,14512929113031
"471";"55515";0,0158355982439724;10,4290326881233;1,65950583371147;-6,27487826697804
"472";"55774";0,143517887604261;9,29035836141108;1,30806590614745;-6,99264496599131
"473";"56173";0,0258272242215956;11,2463961511711;1,90933119071951;-5,8767012142724
"474";"56211";0,769117881719218;1,04769997151884;0,352390669316094;-0,790548995920586
"475";"593_FrPo";0,0552793090036789;4,15431638257257;0,662384406054349;-6,18830551580431
"476";"59738";0,0865794140932025;2,10413309635333;0,573273969485837;-3,51935338014676
"477";"59741";0,014807456263848;16,6074378521524;3,81476882880565;-4,34957690505283
"478";"59742";0,0605595429924935;4,29554164559798;0,725958471264703;-5,83364237795539
"479";"59749";0,145173216074406;2,02121426543835;0,315653427342436;-5,94335713430645
"480";"59750";0,00713917117817781;13,7493418088417;2,33962233673536;-5,87368415059628
"481";"59752";0,0112426677749214;19,2933471932837;3,27184623683563;-5,89334067977397
"482";"59774";0,110298791550141;13,6539995422187;2,34982597164323;-5,76370374406813
"483";"59778";0,0498432070557075;5,59784263539147;0,890762022405631;-6,22837445780703
"484";"59780";0,0771862382740164;0,836198331832585;0,128210773853668;-5,92003363480872
"485";"59785";0,18593375168818;4,55033796001701;0,977723257712022;-4,46384411325349
"486";"59791";0,0184851440037648;23,1787285999713;3,48516646035667;-6,64537654640386
"487";"59798";0,00937295992592345;11,2770449171647;2,3132975653512;-4,87082687761706
"488";"59803";0,181342417401699;19,1956315328948;3,16781726667269;-6,00233142092339
"489";"59808";0,0232623684339674;10,1570481201267;1,76559401393927;-5,73959000296051
"490";"59813";0,00883380881750693;8,59022141960519;1,35998464892905;-6,30991505495689
"491";"59817";0;0,000196163868434627;0,00101560198222933;-0,193150340258328
"492";"59820";0,0134310165285364;11,9795685095726;1,84078073027323;-6,50057733452476
"493";"59830";0,0379827004263223;14,0034485827224;2,16640835056738;-6,44636819214552
"494";"59831";0,0129598779667009;6,76921372493343;1,05945992404727;-6,3770735387111
"495";"59854";0,16675643362431;16,7216223491078;2,62261386916293;-6,31235353024628
"496";"60241";0,171596287447286;0,13147755790954;0,0216280541519983;1,85493938825003
"497";"60242";0,346621974919744;5,92347047814135;0,878843690744257;-6,34566597218078
"498";"60246";0,103832593463885;13,6951675514417;2,59299887157006;-5,24155066436581
"499";"60314";0,023396358956283;7,08812999413633;1,01327104724132;-6,97220517097978
"500";"62624";0,022123696172521;24,8471493560624;3,98781071691237;-6,22522667753678
"501";"62777";0,125959654468367;10,5132994399758;2,0400840470424;-5,0916234556936
"502";"62784";0,0131752458884787;15,6154812911104;2,66729395043035;-5,84948878345582
"503";"62793";0,011264230033136;14,3658477454448;2,33200189263045;-6,15547678617874
"504";"62797";0,0206118128519411;5,12869257263729;1,2029393445241;-4,24633277067365
"505";"62807";0,00600878394513107;12,8660043653918;3,98898076369484;-3,22388006943783
"506";"62811";0,0848250594360558;8,70508686966924;1,38089663245603;-6,24251055989716
"507";"62812";0,0185997117817215;11,6404457469273;1,96827101063488;-5,90459645666217
"508";"62816";0,0169757794187654;7,88278285518555;1,49304968545885;-5,26828219608072
"509";"62848";0,0131173542505112;21,2681787394753;3,06895401276762;-6,92583248129439
"510";"62868";0,046442580912103;17,5197784231227;2,58194130921563;-6,76751860309279
"511";"62874";0,0392063288025094;7,38947572633609;1,13196995117776;-6,49334321099779
"512";"62882";0,0409301874287631;9,63111665229862;1,78771090306695;-5,3645063351223
"513";"62886";0,00983037217282859;15,0737308430547;2,77636430984871;-5,42576506168339
"514";"62899";0,321206259172185;8,24003760344662;1,17201953145783;-6,75656943568549
"515";"62934";0,0208103131865956;14,6315045549553;2,28748030701684;-6,38724372706094
"516";"62943";0,0142952337831371;14,329166042588;2,50908677842343;-5,70521152632254
"517";"63028";0,0250468478974954;12,1575720331057;1,80553444989043;-6,7196309579939
"518";"63127";0,598979774065819;18,6719265404585;2,79298928472741;-6,47082567241447
"519";"63156";0,00919533612854713;19,2636051323569;2,81760834483818;-6,8336005007588
"520";"63158";0,27652631247532;6,85800261119806;1,16260566884446;-5,66097041765177
"521";"63170";0,00462051084563278;13,580503087211;2,66917219626109;-5,08617712839291
"522";"63233";0,0247792363988832;2,73291745802491;0,473115610734926;-5,72405171205253
"523";"63309";0,0104367879993216;7,9083126462359;1,35998318980757;-5,80733344163916
"524";"63482";0,0100881090719374;7,92967435761958;1,48231383286229;-5,3427189795937
"525";"63695";0,104070735317171;16,5788086454823;2,82596014955382;-5,82978422847409
"526";"63742";0,0906333735647713;1,97883932695145;0,379587437068034;-4,97436366169372
"527";"67516";0,019070264034221;17,1174863077604;2,60422751994192;-6,56563833720162
"528";"67587";0,049884009641213;9,3481142827578;1,39022223957922;-6,68830494031724
"529";"67864";0,0426071858825659;10,2970861231433;2,21818976151582;-4,62290427769949
"530";"67951";0,195253180820534;11,4099346228299;1,66808656338238;-6,72308121664224
"531";"68106";0,0223890153596989;12,4167021019513;1,96116385461166;-6,31987636190953
"532";"68483";0,0184789788408509;14,7761677899978;2,25804290103394;-6,53561046355652
"533";"68572";0,118707850526868;0,0106495892628315;0,00470982157260098;22,9431751497036
"534";"68949";0,0115311625360551;6,69722891331472;1,52298894676394;-4,38985310102513
"535";"69253";0,0592295431087266;9,4050820775204;1,6639511687417;-5,61666274226011
"536";"69254";0,0671523911429755;9,30889437936415;1,76349995601496;-5,24056831229247
"537";"69357";0,011365462885696;15,3371736434767;2,45503558160488;-6,24260124595522
"538";"69713";0,229071049166152;2,28483140038977;0,33599083455415;-6,11850127980888
"539";"69941";0,0180451532569749;24,0551916538189;3,62655070865638;-6,62810158511959
"540";"6_gks";0,102772204181856;0,431368268769363;0,0665999125371025;-4,93388132310905
"541";"70161";0,0317986783936785;6,11729743396183;1,04014227925365;-5,85064070266887
"542";"70178";0,0838926438389881;16,2131273694385;3,22251607287554;-5,00516812355475
"543";"70320";0,217396985374137;12,8292374704563;1,8793970427748;-6,71057801945975
"544";"70538";0,0366764048683346;1,2372069412617;0,244775457046652;-4,9046197313996
"545";"70656";0,0596881860151038;4,22832267941669;0,662906868221091;-6,28841650802037
"546";"71039";0,00850255221309191;16,7198296095108;2,89357841252106;-5,77531508563398
"547";"71204";0,494044278710986;11,565333239207;1,95603234731516;-5,6600745768302
"548";"71205";0,0349616671500592;14,2653285287843;2,22044191326822;-6,40879942708739
"549";"71629";0,040818784926053;0,839350639921861;0,144007746748013;-5,5450617972177
"550";"72127";0,0106852382079666;23,915001410499;3,51998705051668;-6,79102389560845
"551";"72145";0,070797880399239;5,73178679994574;1,00135990877811;-5,65330094596481
"552";"72297";0,0310411462018825;8,63594828600883;1,34021697651813;-6,42053286189702
"553";"72405";0,0207871655530515;15,5042000248524;2,46832087282903;-6,27285254106905
"554";"72721";0,00482006263906192;16,2975702627353;3,04403610415213;-5,35235116885525
"555";"73046";0,0145836871860071;16,0679248411648;3,38437885010259;-4,74336410461027
"556";"73581";0,0178744603173111;9,904150908094;1,64362021009245;-6,0149396965742
"557";"73640";0,240620702649395;0,121489760359706;0,019348601013259;6,15708299571906
"558";"74104";0,0140058215985212;7,18987276931265;1,26706408976163;-5,6633812020228
"559";"74228";0,0334621986299563;6,26155938979968;1,06699843419673;-5,83702561462375
"560";"74318";0,0281420702974287;23,4649624716166;3,95933151112862;-5,91938824406205
"561";"74356";0,00937688413286044;7,71909111125704;1,51191235951182;-5,09931291891386
"562";"74529";4,47139930445746e-18;0,199291821484092;0,274435647934383;-0,726187807539283
"563";"74667";0,0157945078212684;9,46878196799126;1,57707712273775;-5,9939918751468
"564";"74840";0,0484083296518696;8,86993590265859;1,66941110923407;-5,28421520871156
"565";"74995";0,00832180747250311;23,9222649607736;3,86027335462794;-6,19488335576846
"566";"75073";0,693396484896572;0,00151302413242299;0,000314634801475632;2199,00487015177
"567";"75490";0,135617249011206;2,7667236930444;0,459178093994343;-5,73003476961514
"568";"755_FrIn";0,0232574029962801;16,2913139945582;2,97477123174216;-5,46867484059762
"569";"75719";0,166787342619991;4,94719710139927;0,843589120141621;-5,6667513184342
"570";"75720";0,10010923060843;2,44741143604375;0,512862204732313;-4,57686720482841
"571";"75721";1,07150647432233;8,19832798768985;1,42876090840951;-4,98811345650621
"572";"75723";0,0069519104944707;9,44280365705152;1,91032091306135;-4,93940661071223
"573";"75836";0,122651144967327;3,10319486114636;0,649503358776434;-4,58895812608871
"574";"75977";0,00789445902361222;18,5532251014988;2,92933495975221;-6,33090134698829
"575";"76258";0,0258373728673443;14,1759303235624;2,17668614296894;-6,50075023282627
"576";"76269";0,0806878805758994;3,7328849840753;0,666738222421877;-5,47770771298077
"577";"76282";0,194713998766524;1,75302276731498;0,555302372742791;-2,80623466608209
"578";"76325";0,0143582318989591;5,11886796662546;1,16484595841913;-4,3821328458349
"579";"76933";0,00904092622288002;14,0607908377548;2,97723043905874;-4,71973876364585
"580";"77032";0,101147477874304;9,80722955115752;1,68948022319029;-5,74501076724945
"581";"77079";0,0153231422243303;21,3708424460627;3,4617224224505;-6,16904439401039
"582";"77111";0,0292207250142947;20,7220841360852;3,56967936794174;-5,79684091431503
"583";"77188";0,0807171008800274;12,6239256646483;2,22726713150456;-5,63165881018283
"584";"77432";0,0279460576967896;19,7143284354174;3,06287227561941;-6,42742517682667
"585";"77529";0,114306414579046;7,49412916032253;1,13211072896296;-6,51864040940906
"586";"77571";0,035944133017178;18,7826358760321;3,09534403507022;-6,05641619497383
"587";"77898";0,037780446608633;1,03477419302567;0,157454826391147;-6,33193512874808
"588";"78150";0,0552144939071844;7,62747703039927;1,49270970232706;-5,07282998475008
"589";"78179";0,0398196889209261;12,3977912360357;2,14013527362844;-5,77438804892119
"590";"78216";0,0676887452619468;3,47334853132617;0,585077021501014;-5,82087427964101
"591";"78230";0,076721270565056;12,9493286694448;1,95386879452932;-6,58826602631766
"592";"78637";0,0338860416585374;11,3904413026208;1,9574265537736;-5,80177848260446
"593";"78771";0,61267717784135;12,1421742667157;1,8855350609479;-6,1147084070016
"594";"78815";0,0159673092904319;9,58335794562515;1,62756607493682;-5,87834238109571
"595";"78940";0,0106186793191339;13,3504449287022;2,14240101643822;-6,22657763277237
"596";"78960";0,748262779580468;13,6472198495877;1,94904915293991;-6,61807684559968
"597";"79001";0,0503369575096794;11,0181479263576;1,61400097135845;-6,79541782407767
"598";"792_AnMa";0,0757750432484607;2,67098659646922;0,472444005122097;-5,49316220564607
"599";"79521";0,0103339664738231;13,9594789268555;2,08227023934495;-6,69900798503939
"600";"79580";0,00779903489038418;15,1564780050936;2,56711762407879;-5,90104591550976
"601";"79646";0,0381754296352213;20,6792247562444;3,20001774715872;-6,45029214132837
"602";"79823";0,303285098593298;1,78453640457641;0,579520874465992;-2,55599301293165
"603";"80392";0,279254287491945;15,8595338825185;2,36653208609657;-6,58359110639619
"604";"80691";0,283096093666677;14,0821028328209;2,11950392889456;-6,51048887007779
"605";"806_AmSq";0,00922074571093796;11,2655553315815;2,24168034026914;-5,02138256898802
"606";"80793";0,305986340520003;1,43360290481614;0,216738331145512;-5,20266331449735
"607";"80928";0,00525946237307607;34,2903949319986;5,8553604724557;-5,85534155085871
"608";"81341";0,0233775572476897;15,6829663545955;2,59780224555358;-6,02801418935983
"609";"82155";0,31530059603997;17,6924819020205;2,75992021903694;-6,29626218400045
"610";"82716";0,147845135818131;3,63033463621592;0,58235531288685;-5,98000812104625
"611";"82717";0,0424080221724452;9,85946809893483;1,64102470965875;-5,98227437952706
"612";"82800";0,0165808413306566;18,3104189116379;2,7664534373837;-6,6127402771717
"613";"83555";0,0185532947485461;19,3006924318155;3,36052587537115;-5,73783385463068
"614";"83861";0,860555331622609;14,1061679063288;2,11856334071303;-6,25216736274133
"615";"83954";0,0303878816117425;12,2907759185947;1,92528331013506;-6,36809552778127
"616";"84056";0,0349440548113707;18,7908155373134;3,70215929376501;-5,06619785758266
"617";"84146";0,0190479709426456;13,0919145075517;2,09160777424653;-6,25015201108555
"618";"84148";0,0216246832925976;11,6068304443015;1,83809886618139;-6,30281970908179
"619";"84226";0,0154725090709106;13,3866558308785;2,52171121618607;-5,30242449491529
"620";"84273";0,0329052658092183;11,1929752808518;1,74643383893501;-6,39020486561813
"621";"84363";0,0219840252057546;16,432436003332;2,57694440938337;-6,36818237846776
"622";"84727";0,0205676653785565;8,30125808426301;1,33186672619688;-6,21735662886464
"623";"84735";0,0242962688117384;7,08426207101899;1,12948057407093;-6,25063056796219
"624";"84756";0,0130461193648026;6,71493356225636;1,19306887480308;-5,61735167552478
"625";"84847";0,015126388738227;3,52347432398909e-05;2,03452808827788e-05;741,752059454775
"626";"84935";0,0338920329333813;4,9593747722727;0,727611856485823;-6,76938218561765
"627";"85176";0,0133391451665495;9,99801418939223;1,67431615325861;-5,96343469827559
"628";"85309";0,0310560353945393;8,71014090557649;1,52375006366727;-5,69587170306241
"629";"85397";0,016447426609458;2,22764561458163;0,368359000239407;-6,00283469803929
"630";"86485";0,092917654776493;4,97185789925872;0,840860815090013;-5,8023160990799
"631";"867_SaSe";0,0171028390685506;10,2847839750093;1,62434561025536;-6,32111852989622
"632";"87138";0,0259284914366564;28,5884817086649;4,766888434393;-5,99186526186558
"633";"87180";0,832031220996075;12,0461862560125;1,91939870331185;-5,84253548554912
"634";"87200";0,0297913270437824;10,8881503067537;1,88970644704841;-5,74605595311904
"635";"87242";0,119414394328845;30,4858307205387;4,97225436060247;-6,10717274780176
"636";"88610";0,0239115905037501;25,8193652706512;3,79434130508697;-6,79840098874716
"637";"887_MaEi";0,200906901480875;0,431955278330836;0,0695005487571494;-3,3244108281403
"638";"88896";0,0657310722572492;11,3365740683788;1,74314667565649;-6,46580299496418
"639";"88987";0,100870751573136;13,4407136891782;1,99250915476234;-6,69499706223239
"640";"89132";0,0177941535073616;16,0709858542786;2,43723360591711;-6,58664465392127
"641";"896_MaSc";0,0629979292669945;2,01291686748636;0,374963604044855;-5,2002885538355
"642";"933_ClDa";0,0223450391987261;9,95589242474786;1,58318840965796;-6,27439370131266
"643";"PP03";0,00745393673331847;9,87619591785453;1,8785095380359;-5,25349580680843
"644";"PP04";0,0304430758737832;11,7411550278692;2,10341347352382;-5,56747976534379
"645";"PP09";0,00646484370782591;17,1114082006306;2,90743975728365;-5,88316346506299
"646";"PP100";0,021883204712051;4,46140205059089;0,793517449188362;-5,59473373952864
"647";"PP103";0,00282220238556591;30,184232065174;4,74399582229954;-6,3620228586455
"648";"PP104";0,00333455248345222;5,09870781449553;1,22150552834373;-4,1713878028215
"649";"PP107";0,017526837899243;32,350116304478;5,26161311239183;-6,14499560798779
"650";"PP109";0,00906636508361658;39,4834441476094;6,48454836939949;-6,08745212986688
"651";"PP110";0,0461524175249971;22,7497029536732;4,17515268157563;-5,43777731442874
"652";"PP111";0,0346094697639304;9,6065320647539;2,41359822471918;-3,9658309725943
"653";"PP15";0,0165450555254495;14,4525007879671;2,38083999005921;-6,06338762483682
"654";"PP16";0,0342440303824929;16,4272752764072;2,94683289512496;-5,56293207977426
"655";"PP18";0,00852957892221722;8,58890142830061;1,48975600928;-5,75958196908049
"656";"PP25";0,0309679132451731;14,407325573216;2,58349530601344;-5,56469277358773
"657";"PP28";0,00503319297478471;15,4773900864841;3,23388103666167;-4,78445456654192
"658";"PP36";0,0144088333079664;5,88245201249202;0,989456334557975;-5,93057315844616
"659";"PP38";0,0100550959711777;12,5522811701788;2,11619334025613;-5,92678647816252
"660";"PP44";0,0111752252695092;18,7125784118574;3,1396430524444;-5,95653801218829
"661";"PP48";0,0274828719754552;9,51911290459371;1,43172248967584;-6,6295180113901
"662";"PP51";0,0106958225462036;19,7766425955859;3,18181177222941;-6,21216721414989
"663";"PP63";0,142771882614907;15,8711217697358;2,788341269816;-5,64075497407059
"664";"PP64";0,0801771906268921;21,0472315588083;3,42041638242294;-6,12997133212444
"665";"PP65";0,0369189697578166;3,79749279863107;0,602861351864562;-6,23787512210286
"666";"PP68";0,0528690270240032;3,11058658105843;0,606711166098062;-5,03982409570522
"667";"PP71";0,481329404608733;4,91555720186782;0,87244646300229;-5,08252137558089
"668";"PP72";0,0190736259632454;24,8486316725535;3,7183941057502;-6,67749499930448
"669";"PP73";0,0771647056205285;4,83265795118934;0,821584060694371;-5,78820046916398
"670";"PP75";0,125515727427261;28,919766151321;5,09374235770777;-5,65286746007536
"671";"PP77";0,00424878799385676;32,2397806887572;5,59801705577543;-5,75838400983544
"672";"PP78";0,00391066886050637;30,2773674070083;4,98816172858926;-6,0690607853867
"673";"PP79";0,0226252495220772;20,000214813817;3,17427462145102;-6,29359206329881
"674";"PP80";0,0133015731884667;17,3393011254789;3,45869277520067;-5,00940692868717
"675";"PP82";0,0423112883519781;13,4677234569564;2,3014977328483;-5,8333371252073
"676";"PP83";0,0009696976621281;31,7134730927722;4,829991883423;-6,56574672598322
"677";"PP84";0,0256688537250768;23,601526235837;4,28035083198843;-5,50792640778929
"678";"PP85";0,0120426497613317;7,69133865017361;1,76742148708766;-4,34491492635757
"679";"PP86";0,0411774658136664;17,2105233975894;2,58495908616297;-6,64201844573925
"680";"PP92";0,0030430190241889;33,0440006061422;5,45334836158398;-6,05883860636421
"681";"PP95";0,000917152941135384;36,8402960443606;6,02336838164829;-6,11607601548329
"682";"PP96";0,0268332392948735;14,1400467153576;2,8297750643059;-4,98739763950972
"683";"PP97";0,0197680418915845;13,5125661243814;3,79386520770175;-3,55647798321846
"684";"Pilot1";0,137526131003962;8,73796208991858;1,27882620442606;-6,72525784125178
"685";"Pilot2";0,0392071410839142;4,70415952516363;0,70885424361049;-6,58097546305031
