"";"ID";"Area_zs";"mean_perm";"SD_perm";"z-score"
"1";"101_Elin";0,0192030994345194;14,0567453886333;2,73980855824371;-5,1235485950147
"2";"1025_MaJo";0,0176689593595225;13,4734202286293;2,01054021124539;-6,69260489992134
"3";"1027_ReEd";0,0216241949659939;17,0294383936915;2,92149025930083;-5,82162276412853
"4";"103_PG";0,0351538099479492;10,3841592986008;1,67198598592992;-6,18964846340922
"5";"10_AS";0,0660628044544424;9,18839732578822;1,46410956733134;-6,23063650759502
"6";"1107_GeBe";0,00725995376346812;16,7038728911301;2,67622845994948;-6,23885934524506
"7";"1178_AlCa";0,0976035107372575;9,72299655388142;1,82094723757785;-5,28592638189093
"8";"1188_MiBo";0,0205735040118696;26,1065556576377;4,80590515872351;-5,42790198559693
"9";"1198_LiKe";0,0373718174139613;4,04126330481635;0,770610938286257;-5,19573664021244
"10";"1230_FeKe";0,0163831206002543;10,6378050667899;2,00065890601469;-5,30896191962453
"11";"12_CH";0,0386310307540089;5,58075124567205;1,26685311057724;-4,3747141390313
"12";"13_vz";0,00958304441668662;11,0602904747272;1,93235755984416;-5,71876947618419
"13";"146_ChSa";0,0967508278083617;0,594782737205768;0,0893731203887821;-5,57250219339906
"14";"147_MeWi";0,324102265506803;9,38814649253056;1,56902771310117;-5,77685413160022
"15";"148_KaHe";0,115351786732044;4,93362558299098;0,76533022714566;-6,29567946666492
"16";"149_MaRo";0,900035948885852;0,808675101707722;0,122208507301469;0,747581728927904
"17";"150_AnTa";0,10699618973146;16,468293966096;2,9990217327791;-5,45554491904367
"18";"156_LoGr";0,100536404305775;0,710552774626633;0,11016432452261;-5,53733137260475
"19";"157_OlJe";0,0933892685175239;5,76324637182828;0,870028646254888;-6,51686255127016
"20";"158_JuWa";0,530227720559818;14,1823604123346;2,11084636057767;-6,46761078719089
"21";"160_ToPa";0,110083364421861;9,39962608732026;1,53780962786704;-6,0407624939786
"22";"161_FrCo";0,117577923562627;19,73401856258;3,18089749039007;-6,166951528077
"23";"1_LD";0,300519907310074;15,5333330812125;2,39704107184225;-6,35484028740287
"24";"2002_PaKr";0,0335382175565108;14,7280301502773;2,41893733399639;-6,07477164711977
"25";"2006_MeFu";0,0259757163299889;2,07898512388531;0,40531802529312;-5,06518160910956
"26";"2008_SaMa";0,0887667806752681;2,98358087868526;0,457530797840811;-6,32703658785652
"27";"2009_YaAh";0,0030369075534188;19,4524927270824;4,38566225455418;-4,43478195324597
"28";"2010_SoBr";0,11104251486954;5,14494917639371;0,81852997740939;-6,14993561684357
"29";"2011_CoSc";0,0262271616458644;19,3976392745972;3,34874337444628;-5,78468098235638
"30";"2012_FiDo";0,0648187262302504;5,97884601066852;1,2555131200307;-4,71044642233102
"31";"2013_ChKi";0,154033747270914;1,87671036555849;0,262223720825808;-6,56949193178421
"32";"2014_DeMl";0,0163654542218631;5,19957066586143;1,07347478414853;-4,82843685587903
"33";"2015_RhPo";0,00515259907279763;25,9739861850081;7,28389320042004;-3,56524085010441
"34";"2016_PaPu";0,0551317428613527;24,9274742389547;4,21724857141159;-5,89776534983048
"35";"2017_MaEl";0,544773526559706;16,0683890375598;2,37776979553426;-6,52864526252932
"36";"2018_KaAr";0,260719862896616;2,9083540620475;0,421115691803082;-6,28718960296769
"37";"2019_RiDa";0,0895223621297994;3,053571720781;0,554870945042188;-5,3418716282321
"38";"201_PaMi";0,0779969297628551;11,6877054017166;1,74554980918596;-6,65103247747935
"39";"2020_FrHa";1,10998860800073;17,8492306084468;2,54235949208303;-6,58413652851713
"40";"2021_GiBo";0,466797537973208;2,59955483798323;0,395937268177132;-5,38660406945043
"41";"2022_ChPo";0,00175849668179187;37,4052225902163;6,89005919927778;-5,42861287715135
"42";"2023_ChHu";0,112657578677471;6,88750545896333;1,14650826209765;-5,90911387580459
"43";"202_NiBl";0,042117619152316;11,8446230132004;2,02830862190992;-5,8188903141054
"44";"204_KaHo";0,200972458533696;11,3509767992743;2,02943238654554;-5,49414920874499
"45";"205_ZiLi";0,555907066319988;6,6253422375383;1,20136459045412;-5,05211758315936
"46";"209_LuSm";0,0395410729641341;9,33965848725418;1,36428550429793;-6,81684103876478
"47";"210_ChWa";0,493026513880122;21,8765590470413;3,27731122115152;-6,52471831028846
"48";"214_ChKw";0,101450775883343;0,824718679230789;0,127056553581008;-5,69248797454833
"49";"214_LuBe";0,0506232099721282;8,86514206590324;1,38281087442311;-6,37434881296288
"50";"215_JaWi";0,0852144006192465;18,2594327795094;3,4356147913392;-5,28994648198202
"51";"217_PhKe";0,40088797534034;3,87448333214069;0,677403588082468;-5,12780773221631
"52";"219_AlMu";0,38533089946221;17,9444254250362;2,76558085108445;-6,34915248226738
"53";"28301";0,0119512924770575;13,6271482633399;2,64419721251444;-5,14908529001729
"54";"28307";0,012495292762369;4,37105326199807;1,08863375151263;-4,00369542390139
"55";"28521";0,0380266395991211;4,37817424959562;0,671208250419252;-6,46617142635768
"56";"28563";0,0106780716584686;17,1609740372824;2,98786939381837;-5,73997511440972
"57";"28740";0,00851164400498925;13,1496776882646;2,25726144710897;-5,82172971637398
"58";"28746";0,0282609372612585;5,13208392534741;0,846664641093454;-6,02815180930982
"59";"28777";0,00988719819610314;7,42177347178683;1,29441911172924;-5,7260327867757
"60";"28779";0,0193210690068523;12,1336816753308;2,45861835160028;-4,9273042310283
"61";"28796";0,0602609621824662;24,8427508690211;3,62542309294914;-6,83575110310204
"62";"28803";0,111502920501199;26,9938524856526;6,13759415019813;-4,37994903333314
"63";"29027";2,20130427296367e-17;9,99354433873002e-05;6,72196415036524e-05;-1,48670003516529
"64";"29043";0,190358188711665;2,09242228356556;0,321317037860717;-5,91958679663417
"65";"29048";0,0716289114115593;3,46504980094588;0,543888659504883;-6,23918302070031
"66";"29053";0,0328431134284413;6,65201434555368;1,25444595405075;-5,27656947734669
"67";"29058";0,00547843121460526;14,0474580732263;2,22657748667948;-6,30653086452997
"68";"29063";0,00809070847871371;7,44389513494615;1,28253205725914;-5,79775326813915
"69";"29104";0,043107111015062;5,81964590954685;0,91752847900538;-6,29575967472277
"70";"29119";0,0227182777109134;8,40578234890149;1,62521764170745;-5,15811781515203
"71";"29123";0,0253991544584332;11,6404264969364;2,28124301652059;-5,09153442152491
"72";"29128";0,0249133011571093;13,0080121837319;2,03189835804249;-6,38963993015997
"73";"29134";0,21281907172475;6,60258959000012;1,10361163591909;-5,78987237023279
"74";"29147";0,00592408889880535;17,7235510573617;3,1293064552878;-5,66183824486867
"75";"29151";0,00289447184391508;15,0625290215394;2,43426056690333;-6,18653350197967
"76";"29153";0,00482238987895526;11,167133828683;2,57205876889524;-4,33983529995256
"77";"29154";0,012374605914567;6,40299842700813;1,11535572847287;-5,72967319569295
"78";"29157";0,0424630598025627;11,5957075617906;1,93235671594541;-5,97883631249499
"79";"29166";0,0103201048765102;21,5750997806714;3,33463181079125;-6,46691475982708
"80";"29172";0,0208909567846174;13,7421863931316;2,29738728409835;-5,9725652402277
"81";"29180";0,0200070608142961;4,0364187444342;0,649379811342635;-6,1849962278866
"82";"29189";0,00523881140042633;17,2493381268134;2,69567566900562;-6,39694882944652
"83";"29195";0,0344741478853965;15,1967828055662;2,28688461753487;-6,63011528497002
"84";"29207";0,0601456576563528;1,76463917681905;0,271420104633499;-6,27990885739391
"85";"29213";0,00547423422259681;18,5214452350187;3,15563110310756;-5,86759681211222
"86";"29216";0,0917058634960803;8,02296996543019;1,1986163375181;-6,61701651619141
"87";"29255";0,0226909855155242;10,3981855488906;1,58508665750547;-6,5456954761726
"88";"29289";0,131173213083291;2,7308724902175;0,480116381903629;-5,41472729346701
"89";"29291";0,0237722146468035;7,87475319593175;1,21807384788226;-6,44540640531331
"90";"29303";0,0207264087785446;15,439921975051;2,53983840751822;-6,07093566292635
"91";"29306";0,0255556587100565;15,0830113490092;2,64361862474971;-5,69577455285357
"92";"29320";0,0640594443314697;7,39142869792915;1,13067919826147;-6,48050239613872
"93";"29324";0,773296836241367;9,96196339200192;1,503370088767;-6,11204561299787
"94";"29332";0,0169682853914865;9,56201382633632;1,56828963684281;-6,08627725179667
"95";"29346";0,014067791089696;10,5469604644577;1,82861744008414;-5,76003074370948
"96";"29352";0,00359012663107059;24,3772038647721;3,96635041847019;-6,14509843221111
"97";"29367";0,0759557100063846;0,888082094721895;0,135703379351363;-5,98457008659123
"98";"29395";0,120137869827298;11,5851591721429;1,91894739437647;-5,97464075144226
"99";"29400";0,238351804195198;13,9357645299798;2,39622778847281;-5,71623982981784
"100";"29403";0,0426914684200241;16,381349407802;2,47462879070181;-6,60246821695963
"101";"29408";0,0168882694619264;1,13139932929548;0,221188210783293;-5,03874531055132
"102";"29426";0,0224457062614229;3,15578085983873;0,6647728715089;-4,71339202886735
"103";"29434";0,0312600266222193;13,9232720444665;2,10111707201002;-6,61172678234184
"104";"29436";0,0125652466444391;7,56171724207528;1,19270353649637;-6,32944546941385
"105";"29457";0,0219438719477563;12,5746401430731;2,12988343515084;-5,89360716364103
"106";"29463";0,0140015234979444;27,1549855937167;4,06730146791493;-6,67297083442708
"107";"29485";0,0976171837664814;5,4106970943586;0,79282497368546;-6,70145377219159
"108";"29489";0,0682651953257668;17,0739235781555;2,62056274672103;-6,48931547397902
"109";"29497";0,0211211244129198;7,53916225485203;1,89615219122664;-3,96489330615155
"110";"29514";0,0617529101735989;0,52397150706397;0,0801586995869184;-5,76629360596318
"111";"29526";0,00574034354361349;21,194349915623;3,74642193727133;-5,65569226500736
"112";"29530";0,0920379597722704;9,85007937415888;1,97160435172673;-4,94928985414368
"113";"29535";0,0532174796765545;11,3884035434704;2,08422746470092;-5,43855517488848
"114";"29544";0,200929196835479;11,0386697968784;1,5925837407243;-6,80513075884723
"115";"29548";0,00599811789645357;23,2404298292877;3,6143663074747;-6,42835554972421
"116";"29571";0,14782179225396;11,7334262080226;2,15645801189171;-5,37251564921748
"117";"29578";0,0344764062356085;12,6494922739817;1,85153026204921;-6,81329175456427
"118";"29599";0,0713646395459968;6,75001305338302;1,07865058094179;-6,19166997342717
"119";"29696";0,0298058482294562;1,05816384735719;0,164844532653966;-6,23835066029405
"120";"29704";0,0156179278917474;10,0525265544152;1,78485452191385;-5,62337630506781
"121";"29711";0,0226032182371026;3,49874042986202;0,628100594435318;-5,53436383028753
"122";"29775";0,0230509739167428;8,93839574403568;1,27886282409535;-6,97130654057875
"123";"29784";0,0337811799716735;9,13632032456253;1,65930569953007;-5,48575174976423
"124";"29818";0,137843372737151;0,71700746187379;0,110853755627776;-5,22457796631944
"125";"29844";0,059598318374954;4,83653068886969;0,851658664208811;-5,60897525176062
"126";"29851";0,0441752487987491;1,66764243147542;0,274033779640382;-5,92433233890786
"127";"29863";0,066361392545611;19,034961631335;3,01384955270542;-6,29381125602703
"128";"29864";0,0153955064069356;15,3628728998476;2,61338833353874;-5,87263561120244
"129";"29995";0,0169147383208382;10,9529359206626;1,96421600698245;-5,56762654589213
"130";"30103";0,130875127908228;20,0321936330083;2,95971655211273;-6,72406230620088
"131";"30159";0,01246710974267;13,211233072594;1,93038133163998;-6,83738790181841
"132";"30259";0,0505585282840836;10,4178050080591;1,58466445398804;-6,54223451134043
"133";"30321";0,0345898755005074;15,1133879960853;3,56296507831972;-4,2320925939852
"134";"30642";0,0103621989077927;15,288599104424;2,66952701079179;-5,72319996904044
"135";"30648";0,0668054753661891;12,7249309790155;1,90755234748239;-6,63579456697776
"136";"30650";0,0228310109403215;21,5461476399428;3,63000576894716;-5,92927890449197
"137";"30653";0,0121855887907865;25,230113319169;3,82713734526343;-6,58924032647759
"138";"30654";0,304207396292811;0,0606791215736743;0,045402298354068;5,36378737525556
"139";"30658";0,0727210692103346;8,90918446519575;1,72832594454413;-5,1127297046485
"140";"30662";0,0194255464108577;17,2660855209466;3,79119621446141;-4,54913409882318
"141";"30679";0,0206293997399289;12,1250652451661;1,88923714518649;-6,40704946770003
"142";"30681";0,295936914725973;9,60078925397193;1,40490565442189;-6,62311544548152
"143";"30686";0,0324561895847933;12,4991081195996;2,65354167550317;-4,69811800775687
"144";"30694";0,0172419725720265;8,21654828273096;1,50662688364364;-5,44216116091708
"145";"30721";0,0379000282210805;4,38035623262576;0,88710649572202;-4,89507880434393
"146";"30725";0,490040472732537;0,00352376316737193;0,00089632618013462;542,789801690379
"147";"30756";0,10381784966549;10,7095405551965;1,74278374953199;-6,08550699900611
"148";"30799";0,113717011766123;3,35088068753922;0,730984129035119;-4,42850062975522
"149";"30838";0,00975877148092566;7,29551095643373;1,20168021594782;-6,06297090379091
"150";"30883";0,0109343311167444;4,01718761189536;0,604802251819877;-6,62407136997856
"151";"30889";0,0128155608909857;9,79185693964805;1,53510765691588;-6,37026421873479
"152";"30892";0,0302854025871674;21,9028474218781;3,92066643728188;-5,57878676219514
"153";"30893";0,0166443729118605;10,3437013957755;1,94669592487818;-5,30491531362806
"154";"30900";0,0154949919382;20,9279414588386;3,49848660598387;-5,97756939561564
"155";"30937";0,050532611520308;10,1108190141393;1,9663849342815;-5,11613277096986
"156";"30984";0,0254651896278846;16,8219024795971;2,79844770296709;-6,00205509367231
"157";"31065";0,0467329885514399;14,1032572263519;2,38675450412676;-5,88938837802398
"158";"31076";0,0421404786962207;11,7006061939747;1,81040650379512;-6,43969500266327
"159";"31236";0,00712849100157268;12,1350066710801;2,5289969207341;-4,79552904182982
"160";"31403";0,0278063232107209;5,28332799705163;1,01029640211633;-5,20196019983034
"161";"31406";0,0182185359983239;14,822887567837;2,23032922427114;-6,63788505783346
"162";"31561";0,651238556404871;0,000720463562151285;0,000188085076036652;3458,63747698916
"163";"31795";0,027797827981526;10,8485456920765;2,05923881386341;-5,254731889884
"164";"31887";0,0462879526034668;0,392920560337513;0,223384360628085;-1,55173176295523
"165";"32074";1,35018293413713;0,444409854630369;0,072180181200168;12,5487781333618
"166";"32145";1,10814249101081;0,398624899970901;0,116027840010068;6,11506334150791
"167";"32190";0,307672426609156;0,24208054625101;0,105631616124261;0,62094932147006
"168";"32513";3,30195640944551e-17;0,0209505872684313;0,0345970615537417;-0,605559730438017
"169";"32633";0,0357216032768483;0,020551943585578;0,00854155845857428;1,77598265759599
"170";"32846";1,36302658547624;0,00436074304668653;0,00115927542733972;1171,99572283473
"171";"32959";0,4768514145365;0,0345328723837353;0,0153423383602133;28,8299300776609
"172";"33010";1,03341323009612;2,12909554663204;0,331205412512024;-3,30816549230197
"173";"33160";0,110209165042878;7,34548349948255;1,17347223573983;-6,16569707750954
"174";"33168";7,89598271823926e-18;14,8681075057782;9,17586158857819;-1,62035001969575
"175";"33327";0,543338221319848;0,0272635562917315;0,0134207197188768;38,4535759510898
"176";"33342";0,34056460925365;0,115874027494347;0,0739158491457456;3,03981601180367
"177";"33344";0,04461959909227;8,07687630005736;1,28181674797961;-6,26630656341906
"178";"33361";0,000915868322792844;0,148073800117542;0,156297640286361;-0,94152369495236
"179";"33531";0,0331999936437813;4,02571584593476;0,950939828902845;-4,19849472168747
"180";"33653";0,370503542669867;0,0185136658280733;0,0117244141708541;30,0219585995872
"181";"34096";0,394643721925814;3,99652843248491;0,689969650624366;-5,22035238405006
"182";"34364";8,82316250712341e-18;0,000942448914431673;0,000863052083171205;-1,09199541117927
"183";"34405";2,01858731750028e-17;0;0;0
"184";"34416";2,41664925618838e-17;3,21477806768346e-05;9,10243620296272e-05;-0,353177764281905
"185";"34433";0,232006049668246;4,54348118708716;0,791414753931754;-5,44780738038996
"186";"34457";0,0368617294852988;0,00511521986226919;0,00302113988123088;10,5081230499315
"187";"34464";0,392918098476098;3,49652133802904;0,57545966066138;-5,39325942670933
"188";"34469";0,255418176028135;7,8522451515882;1,13766156608908;-6,67758075160747
"189";"34720";8,2005109773449e-18;0,000197724092605156;0,00118754858110535;-0,166497687548167
"190";"34732";0,0673365489268436;6,66406653441858;1,30894122374107;-5,03974499835655
"191";"34753";0,237511742374337;0,00420521370447433;0,00449480123163419;51,9058611597467
"192";"34757";0,792698941302384;1,31659107153276;0,396863638897971;-1,320080951949
"193";"34771";2,05774095081387e-17;0,0109855822824248;0,00817667306908564;-1,34352715213221
"194";"34966";1,35293281057939;0,282797759716685;0,0855342185817897;12,5111922293348
"195";"35070";0,101841398337859;0,0202106636871114;0,00953840660040356;8,55811018239608
"196";"35415";2,18934066278452e-17;0,00446502256389544;0,00564302005759723;-0,791246977384765
"197";"35430";0,116970825396038;0,816273944901788;0,127743220635005;-5,47428752797644
"198";"35554";0,0464422940473601;0,0353173556228544;0,0139435362679168;0,797856312110968
"199";"35556";0,442196473901174;0,609622690794297;0,192629990380392;-0,869159659731597
"200";"35666";2,48843091726328e-17;1,15230999245339e-05;1,11350688351829e-05;-1,03484765968398
"201";"35732";0,652332822135404;0,680100497209901;0,162037071746489;-0,171366186609074
"202";"35733";0,519931915655099;0,00602406837866387;0,00200394049875871;256,448655833226
"203";"35736";0,299752924600101;0,000112345810568041;4,11975296328782e-05;7273,26568995053
"204";"35992";0,53193886993668;0,287297104640404;0,075515154992903;3,23963799477427
"205";"35994";0,237764501058684;0,00613673543306005;0,0018712474989586;123,782538522847
"206";"36050";0,214007101340043;0,105275524927502;0,0399337712495234;2,72279759738041
"207";"36059";0,0904592600591484;0,00012119891637616;6,09552040738507e-05;1482,0401722111
"208";"36062";0,784362546313463;2,39679744480547;0,560773488197065;-2,87537647986199
"209";"36067";0,989614430672708;3,51952478016232;0,509970428853025;-4,96089617427355
"210";"36096";0,566895460680251;0,969472142627748;0,342780696940789;-1,17444385153647
"211";"36196";0,320229677959933;0,0015018259881156;0,000447363469137161;712,458378835793
"212";"36344";0,859851077320065;0,229001389688052;0,0746912077941593;8,44610371505257
"213";"36403";1,20202059297498;0,151806927769294;0,0469029703150708;22,3911973623606
"214";"36525";0,985684753530784;0,317999775127371;0,0774931214112479;8,61605477033347
"215";"36540";3,18032637262415e-18;0,000168792175449871;0,000194038122850324;-0,869891818011814
"216";"36660";0,0128313186946596;0,0106174205456613;0,00981493275766853;0,225564270653665
"217";"36737";0,795636005077479;0,0129635866107942;0,00417494629244918;187,468859152087
"218";"36795";9,91270557701033e-18;0;0;0
"219";"36796";0,345390697487549;0,103974050738827;0,0514996690548142;4,68773200254487
"220";"36820";0,27108224468884;0,156817735076327;0,0452115619602159;2,52732939669417
"221";"36828";0,931087336626055;3,39759237559252;0,829223657454375;-2,97447500055457
"222";"36911";0,109704896099269;0,20391757766989;0,136229849691181;-0,69157150054993
"223";"36918";0,0191437260557134;0,00305016362191123;0,00114975161792997;13,9974253419858
"224";"37055";0,265612874497871;0,0892856568450849;0,0341715596852161;5,16005764083024
"225";"37078";0,352803382560529;0,016377458944115;0,00620925366646562;54,1813785823171
"226";"37578";0,0284956444191355;8,78894767763221;1,80021292662667;-4,86634214410896
"227";"37637";0,438832320840673;0,0374223359089048;0,0130946626898695;30,6544730810297
"228";"37652";0,100931979857903;0,856601628595601;0,129202713455533;-5,84871345598922
"229";"37662";0,254089688324162;0,0728130278725849;0,0491232004513261;3,69024531761108
"230";"37904";0,10115107051166;0,00138511569602565;0,000401853030104748;248,264781752743
"231";"38140";0,0818555270265105;8,4527428994882e-05;5,98466496128349e-05;1366,34214490729
"232";"38175";1,04672071474957;3,22749930508358;0,538033679674703;-4,05323806430207
"233";"38176";0,255892406922523;0,46576666777654;0,138831727039087;-1,51171684837521
"234";"38181";9,97465998686664e-18;0;0;0
"235";"38226";0,0834496094108237;0,016511339676524;0,00799245341533359;8,3751842213904
"236";"38379";0,436167886329071;0,0154303907633997;0,0048089633633862;87,4902684368573
"237";"38444";0,260807191742952;0,120185474495636;0,0366348544000737;3,83846802587628
"238";"38626";0,432501323621929;0,550039403198948;0,209357877569414;-0,561421814844527
"239";"38637";0,0588412869742946;13,3557385015399;2,22544236801052;-5,97494565831088
"240";"38704";3,28999279926636e-18;5,1294755672971e-05;5,69313629430159e-05;-0,900992932916606
"241";"38750";0,863699790849581;1,80544881910341;0,44103081148729;-2,13533613462961
"242";"38791";0,273555831661654;0,188357215125966;0,103323001219527;0,824585189455253
"243";"38813";0,445124423589392;0,00343380647967887;0,00117603824182398;375,575046288183
"244";"38815";0,0244034037861035;9,68154400605803;1,59266991087489;-6,06349158499958
"245";"38820";0,282443052877837;0,0314679870605469;0,02023840090355;12,4009336020845
"246";"38822";0,0567789090478061;0,0292213913951029;0,0127468538937102;2,16190739161929
"247";"38837";0,000496787066578826;0,00314294810838783;0,00475768190734428;-0,556187045149909
"248";"38862";1,18564611473225;0,532157810596833;0,137773885420869;4,74319427182558
"249";"38908";0,205705280331019;5,32610072764738;1,14450922169294;-4,47387871610364
"250";"38916";1,93810484902236e-17;0,000789791760724751;0,00260897294739016;-0,302721330060086
"251";"39032";0;0;0;0
"252";"39188";0,0870931565528946;7,69867426567139;1,41236699407183;-5,3892374581584
"253";"39200";0,00592435219296189;25,4522833036823;4,25763158924514;-5,97664650360246
"254";"39208";0,00292443766652414;9,86883808591081;2,13319591414991;-4,62494493956309
"255";"39216";0,00175930036239508;9,44593096822249;2,00394837507885;-4,71278191859034
"256";"39217";0,0277354813284656;11,0604508933968;2,13910610557603;-5,15762887278443
"257";"39236";0,0315151800215665;14,7619259958041;2,2865507314009;-6,44219724211309
"258";"39237";0,0375384772161709;16,1146743524448;2,6518505429121;-6,06261009625892
"259";"39254";0,0204525920765904;25,9362568669709;4,13612209402796;-6,26572516133252
"260";"39266";0,143022747554363;10,8969046746604;2,14337822584647;-5,01725817563492
"261";"39285";0,0920291794111093;7,73048088846049;1,29883466484814;-5,88100388431078
"262";"39381";0,00494751930928447;26,2035397130595;3,95120024716057;-6,63054022953587
"263";"39386";0,0372179368214315;7,25556187438892;1,10593903396048;-6,5268913709627
"264";"39492";0,0131656859630167;19,2912677149194;3,2557774983091;-5,92119763680672
"265";"39524";0,0233834579066505;11,0389055732039;1,85510164561549;-5,93796148115783
"266";"3_GA";0,0158017434420136;12,5659371343152;2,72339542407235;-4,60826778217418
"267";"40048";0,0897644445103582;0,9159474165699;0,142331704684437;-5,80463062598222
"268";"40867";0,42998912665506;9,97041762254841;1,55898012151397;-6,11966013179718
"269";"410_ChAd";0,103890288164791;0,772234824608112;0,115451444318902;-5,78896643854198
"270";"424_ToWi";0,0277773489083174;19,6552887620597;2,86402216690312;-6,85312831722064
"271";"42688";0,0173079537661697;0,0393979897581235;0,0358759862972439;-0,615733204069454
"272";"42698";0,117125567077825;4,07759503642213;0,661391717195611;-5,98808446851621
"273";"43416";0,320409919564734;13,6890423391952;2,06980484981052;-6,45888544557924
"274";"44133";0,0044326255727485;17,0808887575701;3,29568149516516;-5,18146433660199
"275";"44137";0,657976114114771;0,000985890080334492;0,000314749359089571;2087,34412020668
"276";"44140";0,0904196427549908;7,04650707035354;1,2177347375801;-5,7123174800957
"277";"44141";4,21119078306094e-17;0;0;0
"278";"44183";0,134815070424944;0,937576730039486;0,151801777243716;-5,28822306425119
"279";"44293";0,0620234179945249;11,8064195654518;1,72138513715986;-6,82264293674254
"280";"44296";0,522032666498437;0,2438850107684;0,0424529821299655;6,55189910754718
"281";"44298";0,0194251499828238;15,5295699460384;3,34563944833669;-4,63592835855836
"282";"44301";0,428676409337025;0,157170870259146;0,0578501410466222;4,69325630267814
"283";"44306";0,0103621377298713;20,6470673985924;4,00105868220718;-5,15781119448073
"284";"44307";0,00592721180679238;18,0680905745044;3,73796743361802;-4,83208152116378
"285";"44308";0,0817596255433583;0,865764962167074;0,131591005696339;-5,95789455726857
"286";"44309";0,108894873564027;2,05436516113527;0,306698509836989;-6,34326618869217
"287";"44340";0,86504795945635;0,316531764183506;0,084151506853146;6,51819813791412
"288";"44341";0,17782815842746;4,13016233667834;0,623215992761419;-6,34183689789219
"289";"44347";0,102979705542537;10,287341335044;1,94643677785764;-5,23231052010378
"290";"44351";0,11108449602456;0,854512758374032;0,142062471593523;-5,23310804050074
"291";"44352";0;0,00035014612641173;0,000315626573362907;-1,10936833575522
"292";"44371";0,119441535244549;24,8792668794882;3,75928646827034;-6,58630980991342
"293";"44414";6,69962170032422e-18;0,0341359668764387;0,0383738549053752;-0,889563140336394
"294";"44415";3,82835525732813e-18;0,0133261665911369;0,00955854736902638;-1,39416232160121
"295";"44427";0,0917935271610054;1,40804265003275;0,228658880334221;-5,75638751028537
"296";"44453";0,431606410159912;1,23991292558489;0,416343996924552;-1,94143910179027
"297";"44489";0,194482808295908;17,6813210738847;3,5339676601894;-4,94821683361177
"298";"44540";0,790610546618632;8,96445523502714;1,39961877907673;-5,84005074138865
"299";"44557";0,0127525906301952;0,0012946333221087;0,00168759687641881;6,7895108530901
"300";"44569";0,888491646636142;0,0290236305924038;0,0103716521911135;82,86703026738
"301";"44582";0,268140953495462;2,18827246884249;0,345093301706453;-5,56409384317854
"302";"44588";0,423711270073543;16,3631544294659;2,4668051857657;-6,4615735573155
"303";"44589";0,0565574823492552;34,2734447044882;5,73014240302495;-5,97138514464768
"304";"44590";0,361365720665466;2,02262035896754;0,305162767396808;-5,44383134441141
"305";"44618";0,228340251664049;10,5554962587227;2,0293023618308;-5,08901788186047
"306";"44627";0,180172475549553;0,575524871599445;0,0873560651691196;-4,5257578312908
"307";"44645";0,14537105993269;0,00439266842057071;0,00224980172557785;62,6625848444087
"308";"44666";0,042471752406255;19,7223432934807;3,01005776128458;-6,53803783907316
"309";"44671";4,78544407166016e-18;0,0343550741090794;0,0345985422788842;-0,992963051222148
"310";"44672";0,035193619941717;15,2660617592936;2,11595936781713;-7,19809102717523
"311";"44685";0,154900127453002;1,24627160532349;0,185804717224425;-5,87375549003024
"312";"44692";0,554405075850979;0,000737612174957603;0,000269334278480973;2055,68881465318
"313";"44695";0,00942985787759347;28,5600860817262;4,37838128764292;-6,52082455779421
"314";"44731";0,0122918709225631;10,4290803179825;2,28687151556493;-4,55503878384117
"315";"44733";0,486762493402358;11,1891489937504;1,78567322336561;-5,99347425962762
"316";"44773";0,0249655902618454;15,5136261097722;2,66425485121613;-5,81350560830933
"317";"44784";0,00777246675341135;17,9393580615979;3,96734947705996;-4,51978977363317
"318";"44787";0,0849683948319142;1,45066280123125;0,224694079475423;-6,07801687337613
"319";"44833";0,145029830002528;0,509857907890547;0,0812713071365877;-4,48901452113813
"320";"44857";0,543805711899922;11,6362708758868;1,75980450039595;-6,3032371842958
"321";"44871";0,22305654674786;1,64579951436187;0,246846198017596;-5,76368191626996
"322";"44956";1,50303806187025;0,0953527999125776;0,0168931481915739;83,3287701021771
"323";"44973";0,0247258104750395;12,7670837948827;2,19380034800788;-5,80834896665896
"324";"45041";0,213620413960223;18,2174345659357;2,69893260700282;-6,67071645481685
"325";"45043";0,401646961177419;12,7563472455845;1,90288106560788;-6,49262873424007
"326";"45047";0,102744017102696;7,84665692659684;1,27813806466156;-6,05874523543329
"327";"45169";0,105960137444329;1,14510045740247;0,176348604443748;-5,89253497772709
"328";"45280";0,636318697213333;0,936123128170904;0,185007658404236;-1,6204974082884
"329";"45282";3,94799135911963e-18;0,000160396373624868;0,000294211183313702;-0,545174292215268
"330";"45290";0,204287171748051;9,08603503993866;1,47365345474876;-6,02702612311578
"331";"45292";0,127824566335445;3,99426005453906;0,560618048159072;-6,89673745056908
"332";"45299";0,0753382030682947;1,57353291886551;0,439338125849567;-3,41011769215361
"333";"45300";0,00379455329197588;11,3923974739596;2,42967550305255;-4,68729379966969
"334";"45363";0,630021302794548;0,609679859634317;0,267446557775775;0,0760579733364333
"335";"45369";0,0927132701800329;1,16464652392102;0,173763387921268;-6,16892468870758
"336";"45376";0,101461395371537;4,86042317496259;0,805307394322188;-5,90949718473227
"337";"45409";0,0703310649290401;9,15429752315443e-06;6,73714393075412e-06;10437,9409664246
"338";"45475";0,163993208101912;1,92297843448146;0,30135526520237;-5,83691552625879
"339";"45714";0,879533913726163;11,4143565314215;1,94267742505819;-5,422836793082
"340";"45720";0,00727161618665302;2,61140887161105;0,961510087192391;-2,70838266817197
"341";"45727";0,0174189403197316;12,0691764429473;2,15223125265753;-5,599657326668
"342";"45728";0,0174624852660708;23,1977785977145;4,97449272798789;-4,65983515907652
"343";"45731";0,0562868129282409;5,78526860468103;0,940765368583835;-6,08970311096465
"344";"45733";0,0513185988791053;25,8627765928887;3,95739664215947;-6,52233281825518
"345";"45734";0,00803821906475038;10,8773532329329;1,62833069376804;-6,6751275127757
"346";"45736";0,101150163129128;8,06636567648838;1,20295693240816;-6,62136382340302
"347";"45743";0,0526448287139871;2,08088394270047;0,33427098932403;-6,06764923898433
"348";"45748";0,113447347118796;0,769686658600524;0,119173733870335;-5,50657674446737
"349";"45759";0,0127688464271949;16,9151952708111;3,41298876646325;-4,95238267130285
"350";"45760";0,00616272306502305;8,52275667838862;1,63764476883109;-5,20051363849961
"351";"45763";0,00737705145351041;16,3503438101608;2,81732743756346;-5,80087587293061
"352";"45775";0,0130358110696559;9,71433499860736;1,86867383934826;-5,19154224951381
"353";"45776";0,0550677646477325;15,5656831840481;2,65407631279685;-5,84407288690781
"354";"45782";0,0479682396443321;6,26522795563325;0,988958199330185;-6,28667593857842
"355";"45784";0,736852966738974;0,244234652040747;0,117212202373598;4,20279036416426
"356";"45791";0,00950310029145424;5,64679313345226;0,875635321347022;-6,43794270940185
"357";"45819";0,0305517241049775;10,2244421639278;1,73930232049474;-5,86090774427483
"358";"45820";0,0439098082463754;0,00157456103858693;0,00109109047445403;38,8008585896348
"359";"45829";0,352409595270871;12,3967572929229;1,95356172519023;-6,16532743365411
"360";"45878";0,0342404047336253;24,6928389911974;3,6877857309003;-6,68655946571055
"361";"45905";0,0559187789030908;5,10125469077378;0,907368971263059;-5,56040163556351
"362";"45920";0,0559172960061259;13,8693414191208;2,41447062538761;-5,72109843783962
"363";"45948";0,0238887254380807;14,226686761578;2,89849642614097;-4,9000571151469
"364";"46082";0,440093347194411;0,212534626536627;0,0668322468929532;3,40492398859894
"365";"46110";0,0317708841100181;22,0465240879671;3,54563809111257;-6,20896793134045
"366";"46112";0,135585357639462;0,010798586330554;0,00654751484479678;19,0586465654331
"367";"46125";0,104103577811304;2,53353280212555;0,476880591653001;-5,09441832365868
"368";"46126";0,0133780523165288;13,7647434433335;2,06501393434427;-6,65921191247731
"369";"46130";0,454167002665532;1,45045537521055;0,470428272410523;-2,11783268773352
"370";"46150";0,903195057098107;10,4363284889294;1,5849318203179;-6,01485395751547
"371";"46182";0,57059922067684;0,0150028576871785;0,00672550140072421;82,610400308568
"372";"46214";0,0656610478518544;1,56747739019212;0,269049567723409;-5,5819318166836
"373";"46243";7,80625564189563e-18;0,00160535037878788;0,00627798447572522;-0,25571110999003
"374";"46264";0,0795394984638535;9,21260241819745;1,9426012481191;-4,70146044051839
"375";"46288";0,0123039163165602;18,1814915461009;3,2338509665877;-5,61843690927915
"376";"46293";0,189793489965906;1,86807392472717;0,28320355032667;-5,92605718687283
"377";"46297";0,190630118411231;0,0127708707619248;0,00410926772282918;43,2824677402261
"378";"46299";0,00532610840394961;25,3886776529571;4,18027599533871;-6,07217120899607
"379";"46308";0,132009167465546;2,29486451123571;0,347606783084139;-6,22213215916055
"380";"46313";0,106323338734621;15,4664517444384;2,25495067190131;-6,81173588278652
"381";"46315";0,122456897718407;6,85326380305964;1,05569498194129;-6,37571175432141
"382";"46320";0,373744807568517;16,0619627646974;2,30862415270533;-6,79548376843623
"383";"46358";0,554178270770972;0,096298349891057;0,0152363317027825;30,0518477683376
"384";"46363";0,555780226060296;0,843466495934168;0,261991202565085;-1,09807606918558
"385";"46378";0,155666030924498;20,5699237407133;3,19527839575841;-6,38888233866814
"386";"46419";0,255087206323604;10,0224588920156;1,44383465638349;-6,7648824209257
"387";"46439";0,0918894855093099;2,57060632099763;0,36794222274067;-6,73670125984793
"388";"46473";0,0179001875188839;16,7256791424969;2,61587975160313;-6,38705924641173
"389";"46480";0,269206105839387;0,280118782451863;0,107597502767001;-0,101421281459537
"390";"46545";2,943048104071e-17;0,035184210246062;0,0514840476322977;-0,683400234910624
"391";"46555";0,160909857501529;2,76068077537276;0,457868290629002;-5,67798856369758
"392";"46572";1,32440557535011;0,0096357063403782;0,00217611225960009;604,182924483568
"393";"46583";0,0315762912669426;7,6201496749634;2,00625280430613;-3,782461197018
"394";"46603";0,0225521995262867;16,9318215575489;2,70348030268965;-6,25463013035451
"395";"46604";0,0555344964233626;0,620979541484348;0,112094662152183;-5,04435299776649
"396";"46613";0,020901813198541;24,3436606582393;3,79272528831978;-6,41300305085264
"397";"46636";0,0280563603886417;10,5600104408612;1,5945509855656;-6,60496539515591
"398";"46639";0,231013870628444;9,09814695510295;1,39175949614011;-6,37116765437313
"399";"46643";2,20130427296367e-17;0,0228457233426398;0,0185511683092071;-1,23149782061442
"400";"46693";0,491517248224668;20,9265783834372;3,40127076779175;-6,00806655227858
"401";"46706";0,0604649913220975;5,08447575590081;0,916070516705217;-5,48430570896257
"402";"46730";0,510520677161161;13,9898616511169;2,15891556792192;-6,2435702323136
"403";"46740";0,0615870498933784;4,00919142366236;0,589954988622486;-6,69136535820542
"404";"46742";0,0113877510093775;17,6459869359886;3,00195531340163;-5,87437098289008
"405";"46746";0,0205041222281311;8,41782462432016;1,41562174000062;-5,93189569276349
"406";"46751";0,215760321017795;12,8979280012558;2,34280576490872;-5,41323906155411
"407";"46802";0,24175982624573;0,945517499231402;0,143566313254411;-4,90196938984257
"408";"46811";0,0677971659468964;1,90170022472876;0,279118839420023;-6,57033062545155
"409";"46868";0,0206937984443632;14,9480679230115;2,11981997247158;-7,04181219085447
"410";"47191";0,0157492440073099;5,68235466229925;1,93333276150618;-2,93100366947557
"411";"47246";0,093520963264747;4,95313283326085;0,746423973465085;-6,51052490642359
"412";"480_BeHe";0,02140379863983;11,9363623520424;1,94683453176845;-6,12017013206526
"413";"48114";0,332690779558697;9,46686555894382;1,49371123550239;-6,11508741601782
"414";"48243";0,392802846193127;10,7221373930291;2,0828045967576;-4,95933923082181
"415";"48245";0,69230688765223;1,97495891286993;0,398912059397746;-3,21537540668529
"416";"48249";0,0506396733734963;1,64376962175821;0,345625890815013;-4,60940569188258
"417";"482_MiSa";0,0117170302953463;1,12240501272267;0,185162410676274;-5,9984528089191
"418";"48373";0,0043385496768644;3,69833849621565;0,643124584537375;-5,7438325875787
"419";"48398";0,675632964342495;12,1706724706554;1,77388602877483;-6,48014546585733
"420";"48522";0,0229767061842896;13,8606342355623;2,35331406429705;-5,88007259180318
"421";"48587";0,568269354970218;10,7409875872611;1,56765578703722;-6,48912747071645
"422";"48830";0,176088888594861;3,35947813909501;0,709212645217434;-4,48862449360892
"423";"48989";0,0132461354271822;7,89935946679031;1,45442055070373;-5,42216852446659
"424";"49011";0,46459351020204;10,681355882729;1,65384666166504;-6,17757535165991
"425";"49326";0,743503252378583;0,666804263825375;0,216282693381014;0,354623790531828
"426";"49369";0,046952477779549;11,7005253372584;2,20828705485059;-5,27720018730414
"427";"49393";0,0299878480919398;22,7262152734863;3,70123049022469;-6,13207620690939
"428";"49395";0,00283007345938145;15,5445569622969;2,32544714661204;-6,68332837040842
"429";"49399";0,0414489498780612;16,1579615846458;2,37130993473591;-6,79645979578061
"430";"49410";0,278237423570433;1,92156020428031;0,301383940314249;-5,45258907623413
"431";"49453";0,632100976994123;0,0293454157260328;0,011420709321107;52,777419013206
"432";"49483";0,956948340710092;0,361963269131606;0,100522099584961;5,91894791329549
"433";"49547";0,303475960493707;0,073037000187734;0,0205138053483302;11,2333599930902
"434";"49620";0,13158354784475;0,00922503357492272;0,00397342112200535;30,7942477056331
"435";"49701";0,199103968493759;6,94634917555918;1,10210728101244;-6,12213105140465
"436";"49733";0,0782771554647926;1,07177056708337;0,165996277762735;-5,98503427310953
"437";"4_JB";0,0953710371374097;27,6054789270673;6,03826764671115;-4,55596033490066
"438";"50035";0,216321808252143;0,0398873427547062;0,0259306245859845;6,80409624968309
"439";"50392";0,0818193753459567;3,67181008565447;0,674848700155597;-5,31969715505236
"440";"50501";0,948154104610541;0,679022445297781;0,205975171613061;1,30662184769698
"441";"52064";0,130380864857244;12,1154917865098;1,79594849487498;-6,67341572202874
"442";"52174";0,28668953020313;0,0736235553432176;0,0482147390971998;4,41910459020376
"443";"52221";1,60312376400615e-17;0,00714111175795717;0,00889225218451723;-0,803071214106019
"444";"52269";0,0995010270085738;1,13443424182661;0,170629712284871;-6,0653751387108
"445";"52783";0,127583004054949;0,846686941177985;0,128140504680255;-5,61183943295207
"446";"52960";0,0141568632098286;9,47704469592675;1,86910588968326;-5,06278851559367
"447";"53238";0,126786478220371;3,41519170820802;0,580436541566882;-5,66540008165343
"448";"53252";1,70093524770162;1,41614432930034;0,402378709186601;0,707768358263744
"449";"53284";0,147275822159179;4,3672414875106;0,670768704431293;-6,29123815329055
"450";"532_DePa";0,0243206502228676;3,00041013914963;0,579818403655254;-5,13279583774005
"451";"53343";0,012863666400347;16,1106661886028;3,31672633653664;-4,85352148136889
"452";"53347";0,12501576576337;18,813490822532;2,72592884622877;-6,8558191027706
"453";"53351";0,0244897076772423;17,5414094532209;2,77330084453739;-6,31627101691725
"454";"53357";0,0228450329140272;14,8961779730799;2,25551674796872;-6,5942019510875
"455";"53381";0,0441386353727236;11,5159314929065;2,26695933142958;-5,06043169742244
"456";"53417";0,247581215815849;9,44923403414993;1,43766143909355;-6,40043098334454
"457";"53432";0,027908407147849;16,2519401849511;2,74456837803787;-5,91132358283676
"458";"53461";0,0412082160896436;8,94655423262259;1,36538381887284;-6,5222290563576
"459";"53494";0,0132312569643055;11,3548574089288;2,5890784327898;-4,3805649177432
"460";"53535";0,0511862806857016;21,2590562308604;3,06735733661319;-6,91405259407804
"461";"53725";0,0231236461410529;13,6294226031383;2,22366011237746;-6,11887530889327
"462";"53727";0,212558927270433;2,53161704537351;0,359630362857049;-6,44844917898351
"463";"53730";0,0527773617219374;6,4698380150296;1,61708012789226;-3,96830097817838
"464";"53732";0,00362091340331756;15,4145744444606;2,8124182796703;-5,47960936054788
"465";"53745";0,0117941644820663;0,00022443400002073;0,000285520605708602;40,5215254196168
"466";"53751";0,00796425576323821;15,4837458272328;2,85539546092516;-5,41983826172201
"467";"53759";0,00716028958556625;11,3579764869944;1,98191663369093;-5,72719155006545
"468";"538_RoBr";0,202469922817613;3,07720097508924;0,569017642166256;-5,05209476691705
"469";"55397";0,0251583819417404;12,5365205369971;2,13650653388727;-5,85599058866044
"470";"55459";0,0120754149967897;6,91969036408135;1,30802353155798;-5,28095617733797
"471";"55515";0,0158355982439724;10,3791503917032;1,67570954777665;-6,18443381623585
"472";"55774";0,143517887604261;9,30010578306173;1,3879485336687;-6,59720996372558
"473";"56173";0,0258272242215956;11,3003416991024;1,89809182261138;-5,93992047200825
"474";"56211";0,769117881719218;1,06274936137602;0,378312708573887;-0,776160760667273
"475";"593_FrPo";0,0552793090036789;4,14429683685303;0,662048783858578;-6,17630849499879
"476";"59738";0,0865794140932025;2,10468131972617;0,58823436250178;-3,43077867306138
"477";"59741";0,014807456263848;16,6457762705657;3,71708403388712;-4,47419769439813
"478";"59742";0,0605595429924935;4,33587461996781;0,775557384181668;-5,51257091244955
"479";"59749";0,145173216074406;2,02691637155003;0,31424266060177;-5,98818490103195
"480";"59750";0,00713917117817781;13,7203292471934;2,30612710924862;-5,94641553842333
"481";"59752";0,0112426677749214;19,2264102112762;3,25209943743145;-5,90854243948877
"482";"59774";0,110298791550141;13,5535543554616;2,28069206993951;-5,89437554551942
"483";"59778";0,0498432070557075;5,58616017357294;0,910796475256975;-6,0785445672209
"484";"59780";0,0771862382740164;0,836870362442922;0,128893405018845;-5,89389444756959
"485";"59785";0,18593375168818;4,55965003944767;0,928348070187661;-4,71128925476773
"486";"59791";0,0184851440037648;23,2960614589669;3,60702839080095;-6,45339426058531
"487";"59798";0,00937295992592345;11,1793026562966;2,29547384269071;-4,86606707889015
"488";"59803";0,181342417401699;19,4792560011582;3,26242482481869;-5,91520559706045
"489";"59808";0,0232623684339674;10,1737719529006;1,735712993003;-5,84803456872497
"490";"59813";0,00883380881750693;8,58711470417966;1,36303153510391;-6,29353076171357
"491";"59817";0;0,000217959853816253;0,00106831514370092;-0,204022057631032
"492";"59820";0,0134310165285364;12,1252940537036;1,8714118285951;-6,47204578495567
"493";"59830";0,0379827004263223;13,9147630656477;2,2216169360773;-6,24625251089578
"494";"59831";0,0129598779667009;6,75636288443112;1,09165585541552;-6,17722423510262
"495";"59854";0,16675643362431;16,7546096528331;2,66308219234027;-6,22881759598703
"496";"60241";0,171596287447286;0,131507565791354;0,0210419250437127;1,90518317942163
"497";"60242";0,346621974919744;5,9435494260658;0,938916551574101;-5,96104887251456
"498";"60246";0,103832593463885;13,7796488013628;2,65136507418671;-5,15802834586781
"499";"60314";0,023396358956283;7,11644247683668;1,05377621174123;-6,73107443387817
"500";"62624";0,022123696172521;24,8024311060292;3,9737779643362;-6,23595672235706
"501";"62777";0,125959654468367;10,5510347764528;1,98504603081264;-5,25180522776929
"502";"62784";0,0131752458884787;15,6327052787429;2,64725373830675;-5,90027688197547
"503";"62793";0,011264230033136;14,4435993133125;2,41285890327243;-5,98142521458903
"504";"62797";0,0206118128519411;5,13929531050447;1,18556032895487;-4,31752258627353
"505";"62807";0,00600878394513107;13,2171108623803;4,11042188123773;-3,21405015352271
"506";"62811";0,0848250594360558;8,68684643646243;1,33137683485981;-6,46099673045021
"507";"62812";0,0185997117817215;11,6604508720111;2,04757788796481;-5,68566950671691
"508";"62816";0,0169757794187654;7,82995661670766;1,50420918675735;-5,19407866011741
"509";"62848";0,0131173542505112;21,3120257250877;3,109214682565;-6,85025337435569
"510";"62868";0,046442580912103;17,5895682705885;2,63232190083882;-6,66450622322674
"511";"62874";0,0392063288025094;7,39377364743029;1,12675522446238;-6,52720942309096
"512";"62882";0,0409301874287631;9,57992702575272;1,80976419014013;-5,27085069441305
"513";"62886";0,00983037217282859;15,2711468890546;2,66539999822919;-5,7257134115033
"514";"62899";0,321206259172185;8,2984121190347;1,22767009148651;-6,49784165565477
"515";"62934";0,0208103131865956;14,4315751946282;2,26319689297936;-6,36743755090203
"516";"62943";0,0142952337831371;14,5595166572977;2,47092791996198;-5,8865421795624
"517";"63028";0,0250468478974954;12,0863949716624;1,8012934422808;-6,69593739734755
"518";"63127";0,598979774065819;18,7959206259796;2,94036623566415;-6,18866474223528
"519";"63156";0,00919533612854713;19,3522251873082;2,87733438009874;-6,72255195119722
"520";"63158";0,27652631247532;6,88313485939314;1,12266841130848;-5,88473718541504
"521";"63170";0,00462051084563278;13,5670877620747;2,64489371357568;-5,12779291720335
"522";"63233";0,0247792363988832;2,72970218270446;0,486311913296623;-5,56211532629209
"523";"63309";0,0104367879993216;7,82947346179851;1,39602061189777;-5,60094643815457
"524";"63482";0,0100881090719374;7,86862137096774;1,41233751586804;-5,56420343834444
"525";"63695";0,104070735317171;16,5016290398796;2,86696899347513;-5,71947528622783
"526";"63742";0,0906333735647713;1,98990936170079;0,384016371625684;-4,94582035681365
"527";"67516";0,019070264034221;17,1245398517846;2,66270837963267;-6,42408673762096
"528";"67587";0,049884009641213;9,30237145681092;1,40506988038566;-6,58507279697014
"529";"67864";0,0426071858825659;10,2371592362173;2,14946033044101;-4,74284261307724
"530";"67951";0,195253180820534;11,5008216501546;1,72094202909652;-6,5694069167858
"531";"68106";0,0223890153596989;12,4269323443236;1,86627387515022;-6,64668969229686
"532";"68483";0,0184789788408509;14,6830488587625;2,34517521758716;-6,25308069518548
"533";"68572";0,118707850526868;0,0104631740388443;0,00462591678656522;23,3996160074458
"534";"68949";0,0115311625360551;6,57563363328847;1,55594826921858;-4,21871510808582
"535";"69253";0,0592295431087266;9,37865232010068;1,67566420255164;-5,56162909179576
"536";"69254";0,0671523911429755;9,38531107642044;1,76098226234794;-5,29145516369566
"537";"69357";0,011365462885696;15,2260474348587;2,46873849950381;-6,16293786281173
"538";"69713";0,229071049166152;2,26671353060494;0,317970359874392;-6,40827806165241
"539";"69941";0,0180451532569749;24,0018808900808;3,73192645452145;-6,42666355543153
"540";"6_gks";0,102772204181856;0,432991580305428;0,0655677653704177;-5,03630670128889
"541";"70161";0,0317986783936785;6,11914981617647;1,01833491477099;-5,97774960819422
"542";"70178";0,0838926438389881;16,1692884236118;3,22243300147168;-4,99169285208619
"543";"70320";0,217396985374137;12,6923604109221;1,88477363674178;-6,61881256314338
"544";"70538";0,0366764048683346;1,22574739071821;0,251897079011769;-4,72046357391195
"545";"70656";0,0596881860151038;4,23167103789605;0,669835308664113;-6,22837106064377
"546";"71039";0,00850255221309191;16,8125588691834;2,8832931261436;-5,82807768124699
"547";"71204";0,494044278710986;11,5590467303506;1,87159645461027;-5,91206636686204
"548";"71205";0,0349616671500592;14,2399776125557;2,18993149758078;-6,48651154663876
"549";"71629";0,040818784926053;0,84034891522366;0,144663035916069;-5,52684467897855
"550";"72127";0,0106852382079666;23,9416800751682;3,60000869524701;-6,64748250984939
"551";"72145";0,070797880399239;5,72822112935556;1,04133292404424;-5,43286697109747
"552";"72297";0,0310411462018825;8,58981446136925;1,35075657785151;-6,33628105574786
"553";"72405";0,0207871655530515;15,6105694832236;2,3873608781753;-6,5301322729164
"554";"72721";0,00482006263906192;16,2588988520204;2,98329209431369;-5,44836987982586
"555";"73046";0,0145836871860071;15,9524273717448;3,17582107983181;-5,01849546429829
"556";"73581";0,0178744603173111;9,8271048728286;1,58714710274572;-6,18041667060448
"557";"73640";0,240620702649395;0,122853991172597;0,0191798381059778;6,1401306322859
"558";"74104";0,0140058215985212;7,13488203787254;1,19785882226455;-5,9446706773107
"559";"74228";0,0334621986299563;6,34243538942244;1,08887218361494;-5,79404386091248
"560";"74318";0,0281420702974287;23,5662066255887;3,80293150811393;-6,18945266436444
"561";"74356";0,00937688413286044;7,77930682812052;1,53313261488488;-5,0680090349334
"562";"74529";4,47139930445746e-18;0,217510687597161;0,282974222272432;-0,768659017243464
"563";"74667";0,0157945078212684;9,47777910561543;1,53628514623758;-6,15900285241118
"564";"74840";0,0484083296518696;8,84743821484252;1,67569924884497;-5,2509600939761
"565";"74995";0,00832180747250311;23,9663423286939;3,89235607178101;-6,15514615811062
"566";"75073";0,693396484896572;0,00153354160130852;0,000316189139922208;2188,1300017625
"567";"75490";0,135617249011206;2,77834939747416;0,458041728136726;-5,76963186130085
"568";"755_FrIn";0,0232574029962801;16,4130282351845;3,07496917585713;-5,33006020381317
"569";"75719";0,166787342619991;4,95630581020681;0,835790992175452;-5,73052176013568
"570";"75720";0,10010923060843;2,43347542304098;0,518343171485149;-4,50158566909837
"571";"75721";1,07150647432233;8,03347586568828;1,41204097638546;-4,93043014175634
"572";"75723";0,0069519104944707;9,40430767217546;1,88839341882804;-4,97637603901051
"573";"75836";0,122651144967327;3,06115563727525;0,619297721137795;-4,74489795781776
"574";"75977";0,00789445902361222;18,4292994087435;2,86377920825518;-6,43255069965521
"575";"76258";0,0258373728673443;14,2573186955596;2,27212906441855;-6,26350040829838
"576";"76269";0,0806878805758994;3,72187469974378;0,672635388070386;-5,41331438063865
"577";"76282";0,194713998766524;1,74345927598167;0,559938465976111;-2,76592049184423
"578";"76325";0,0143582318989591;5,15604646068132;1,11688247388421;-4,60360722726806
"579";"76933";0,00904092622288002;13,9121363069629;2,93904281019993;-4,73048413329992
"580";"77032";0,101147477874304;9,85730665675085;1,71646764449287;-5,68385848121187
"581";"77079";0,0153231422243303;21,2237469200768;3,57796199633734;-5,92751510484541
"582";"77111";0,0292207250142947;20,9472540887469;3,70787131955183;-5,64152085144662
"583";"77188";0,0807171008800274;12,6797844473117;2,32493603028604;-5,41910279780111
"584";"77432";0,0279460576967896;19,8210573400502;3,09808128389587;-6,38882891331483
"585";"77529";0,114306414579046;7,50780649719359;1,12483261305678;-6,57297805628375
"586";"77571";0,035944133017178;18,7600939215421;3,03569322066073;-6,16799802466519
"587";"77898";0,037780446608633;1,02958966940905;0,159731417724591;-6,20923070069092
"588";"78150";0,0552144939071844;7,60048000794011;1,49885584806335;-5,03401679606617
"589";"78179";0,0398196889209261;12,5449653221187;2,08064434147448;-6,01022740115968
"590";"78216";0,0676887452619468;3,49884072257574;0,581512020707528;-5,90039733510427
"591";"78230";0,076721270565056;12,9057449367622;1,85566360262482;-6,91344252700254
"592";"78637";0,0338860416585374;11,3484573153411;2,06265893491098;-5,48543003507795
"593";"78771";0,61267717784135;12,0325956248248;1,7960038445217;-6,35851559105359
"594";"78815";0,0159673092904319;9,56558075013113;1,59793462096562;-5,97622287892474
"595";"78940";0,0106186793191339;13,5628628181094;2,18239509848461;-6,20980323324613
"596";"78960";0,748262779580468;13,5473451287628;1,95198412483323;-6,55696026742829
"597";"79001";0,0503369575096794;10,9817484270717;1,57016569718251;-6,96194770346676
"598";"792_AnMa";0,0757750432484607;2,66831061264564;0,446761556371174;-5,80295133371609
"599";"79521";0,0103339664738231;13,9622551238129;2,08971979329276;-6,67645547604981
"600";"79580";0,00779903489038418;15,2464133230965;2,46957250444013;-6,17054743718116
"601";"79646";0,0381754296352213;20,7266722005555;3,31657936646359;-6,23790191186652
"602";"79823";0,303285098593298;1,75849166974392;0,584208565746066;-2,49090249009314
"603";"80392";0,279254287491945;15,6812053199857;2,44330400896029;-6,30373910737689
"604";"80691";0,283096093666677;13,9258915732141;2,01079506316053;-6,78477669330653
"605";"806_AmSq";0,00922074571093796;11,4074572011044;2,22843308054161;-5,11491081106335
"606";"80793";0,305986340520003;1,43924858199253;0,216824016962818;-5,22664535666667
"607";"80928";0,00525946237307607;34,76163872162;6,02574016725057;-5,76798505985125
"608";"81341";0,0233775572476897;15,6032055261682;2,55437369108426;-6,09927514650661
"609";"82155";0,31530059603997;17,9504241559558;2,70989200088169;-6,50768501260495
"610";"82716";0,147845135818131;3,61374778389601;0,597656361446872;-5,79915629056009
"611";"82717";0,0424080221724452;9,91809619967503;1,61708129842477;-6,10710678994475
"612";"82800";0,0165808413306566;18,678190763673;2,80651230020239;-6,6493953798088
"613";"83555";0,0185532947485461;19,1649653581382;3,39101664702562;-5,64621588637249
"614";"83861";0,860555331622609;14,0311844906434;2,09023187125359;-6,30103738257606
"615";"83954";0,0303878816117425;12,2750894699735;1,91732914711229;-6,38633257456273
"616";"84056";0,0349440548113707;19,0637347221549;3,65704011221199;-5,20333113213621
"617";"84146";0,0190479709426456;13,0875117592524;2,11280562228347;-6,18536019143384
"618";"84148";0,0216246832925976;11,5587131074591;1,77934096478414;-6,48391098305664
"619";"84226";0,0154725090709106;13,4651281666955;2,37314365040827;-5,6674427000282
"620";"84273";0,0329052658092183;11,3067933832927;1,76080572936517;-6,40268709345247
"621";"84363";0,0219840252057546;16,4116407762561;2,62145246060216;-6,25212816076993
"622";"84727";0,0205676653785565;8,256133424945;1,28838906570712;-6,39214192263144
"623";"84735";0,0242962688117384;7,12183730892891;1,11397888915538;-6,37134249958592
"624";"84756";0,0130461193648026;6,65242981356789;1,13796948301606;-5,8344127793358
"625";"84847";0,015126388738227;3,53897916149839e-05;2,01675304249597e-05;748,281947696237
"626";"84935";0,0338920329333813;4,9509869168243;0,735539728458735;-6,68501604147786
"627";"85176";0,0133391451665495;9,90917366276012;1,72356665141318;-5,74148641683209
"628";"85309";0,0310560353945393;8,77866143010535;1,51612753262742;-5,76970288215224
"629";"85397";0,016447426609458;2,2252391564696;0,371492782144691;-5,94571909878953
"630";"86485";0,092917654776493;4,9861671241554;0,836910321149589;-5,84680263311544
"631";"867_SaSe";0,0171028390685506;10,175704068151;1,57085773309925;-6,46691359442199
"632";"87138";0,0259284914366564;28,5787590420535;4,63339845896648;-6,16239479584619
"633";"87180";0,832031220996075;12,1536215849801;1,93419785469207;-5,85337758312554
"634";"87200";0,0297913270437824;10,9083241453123;1,94252355851841;-5,60020637616656
"635";"87242";0,119414394328845;30,064322645624;5,10977033087175;-5,86032371560356
"636";"88610";0,0239115905037501;26,0423673273282;3,95683761619954;-6,57556823416339
"637";"887_MaEi";0,200906901480875;0,436587484951677;0,071563781536808;-3,2932941553624
"638";"88896";0,0657310722572492;11,2159824753255;1,87469332329356;-5,94777357156153
"639";"88987";0,100870751573136;13,4754257766474;2,07311260850771;-6,4514368250848
"640";"89132";0,0177941535073616;16,0016924395871;2,51702763400522;-6,35030703284152
"641";"896_MaSc";0,0629979292669945;2,0210357600245;0,378330062334115;-5,17547513585716
"642";"933_ClDa";0,0223450391987261;9,98263906939276;1,6583299133739;-6,00621984194306
"643";"PP03";0,00745393673331847;9,83314105902778;1,86764653707074;-5,26099929899223
"644";"PP04";0,0304430758737832;11,6829967828643;2,17347008087856;-5,36126713199581
"645";"PP09";0,00646484370782591;17,1702294161079;3,06542491142543;-5,5991469595055
"646";"PP100";0,021883204712051;4,38801139894006;0,773959356100743;-5,64128873152312
"647";"PP103";0,00282220238556591;29,9467392091715;4,57776696244065;-6,54116237293591
"648";"PP104";0,00333455248345222;5,13973093520514;1,16460200430664;-4,41043065676303
"649";"PP107";0,017526837899243;32,7313587863186;5,33449484250685;-6,13250793453689
"650";"PP109";0,00906636508361658;39,5191867641483;6,39252763321532;-6,1806726018315
"651";"PP110";0,0461524175249971;22,5897184035392;4,12316418083345;-5,46754021845847
"652";"PP111";0,0346094697639304;9,62150950673124;2,44313840354462;-3,92401020877827
"653";"PP15";0,0165450555254495;14,4765660497272;2,38195964041909;-6,07064063925853
"654";"PP16";0,0342440303824929;16,4702782422636;3,05827747800285;-5,37427827595762
"655";"PP18";0,00852957892221722;8,57786418422733;1,51607638397983;-5,65231059322346
"656";"PP25";0,0309679132451731;14,2253657856402;2,484924049141;-5,71220592327631
"657";"PP28";0,00503319297478471;15,3952973652906;3,18658952889304;-4,82969771687606
"658";"PP36";0,0144088333079664;5,85338688088681;0,97748836001734;-5,97345020811835
"659";"PP38";0,0100550959711777;12,5781547134419;2,18514613245821;-5,75160600510138
"660";"PP44";0,0111752252695092;18,8247937220626;3,13238403527711;-6,00616600165014
"661";"PP48";0,0274828719754552;9,59135523926405;1,52643059987226;-6,26551404832224
"662";"PP51";0,0106958225462036;19,7287621926884;3,09516187283484;-6,37060909259732
"663";"PP63";0,142771882614907;15,9355412949992;2,70991615018812;-5,8277705054778
"664";"PP64";0,0801771906268921;21,0408654888051;3,28341488375253;-6,38380742010365
"665";"PP65";0,0369189697578166;3,78638739972462;0,601757668605725;-6,23086106846687
"666";"PP68";0,0528690270240032;3,13262690822557;0,612562320330811;-5,02766458037831
"667";"PP71";0,481329404608733;4,94603608916028;0,884564871402216;-5,04734794348557
"668";"PP72";0,0190736259632454;25,139089801345;3,78065467607925;-6,64435615723374
"669";"PP73";0,0771647056205285;4,82031575271392;0,793247667228592;-5,97940749534729
"670";"PP75";0,125515727427261;28,844910398208;4,62755722762912;-6,20616737040221
"671";"PP77";0,00424878799385676;32,052806712963;5,40084623081847;-5,93398822245533
"672";"PP78";0,00391066886050637;29,9233570003193;4,89672836782274;-6,11008903987092
"673";"PP79";0,0226252495220772;19,8742129380188;3,15636605066896;-6,28938068963498
"674";"PP80";0,0133015731884667;17,2744246787197;3,35943589099649;-5,13810165325439
"675";"PP82";0,0423112883519781;13,4223210658126;2,35973641462737;-5,67012895784525
"676";"PP83";0,0009696976621281;31,4441251047653;4,92000172762797;-6,39088300122662
"677";"PP84";0,0256688537250768;23,9324075863487;4,36785565531741;-5,47333534328674
"678";"PP85";0,0120426497613317;7,68936225043403;1,67100532070749;-4,5944315709433
"679";"PP86";0,0411774658136664;17,2570304742377;2,60912521281184;-6,59832380749202
"680";"PP92";0,0030430190241889;33,0610486235832;5,65652671868564;-5,84422336331515
"681";"PP95";0,000917152941135384;36,916453409363;6,26034509157551;-5,89672545465565
"682";"PP96";0,0268332392948735;14,1862093685145;2,80945490926185;-5,03990154194711
"683";"PP97";0,0197680418915845;13,7886435110353;3,86762001743745;-3,56003831996569
"684";"Pilot1";0,137526131003962;8,83765771172573;1,35276421735212;-6,43137323498345
"685";"Pilot2";0,0392071410839142;4,66645170069045;0,69599025649855;-6,64843295779124
